username, created_at, lng, lat, text
gailXOXO19, Sat Apr 18 05:52:50 +0000 2020, -73.483168, 40.750449, @GothAngel666_ @thatgurlxo @awkwardgoogle What do you mean? 
msgbaloo, Sat Apr 18 05:52:50 +0000 2020, -121.250664, 38.805335, https://t.co/iwLh5yjUaF 
TJRamini, Sat Apr 18 05:52:50 +0000 2020, -118.480420, 34.022688, @Gaohmee ğŸ˜„ğŸ˜„ Definitely! Thatâ€™s kinda why I started making these videos - to do some lovely baking but also to reachâ€¦ https://t.co/Dk53zKKxKb 
test5geo1798, Sat Apr 18 05:52:50 +0000 2020, -118.411907, 34.020789, TEST_GEO_Hierarchy: 6b58bda6-ace2-41c4-96b8-0a7ea953af44 
test5geo1798, Sat Apr 18 05:52:50 +0000 2020, -119.306608, 37.269176, TEST_GEO_Hierarchy: 51d6953b-1157-45ef-bd27-903248f85d70 
Ttemi_G, Sat Apr 18 05:52:50 +0000 2020, -79.272570, 43.629311, Deleting this app ... https://t.co/PBE64OFpg2 
TariqAnwar00, Sat Apr 18 05:52:50 +0000 2020, -75.800141, 45.248791, @coolcatmum Every song on this record is perfect and I expect nothing less. 
JeffLoVecchio, Sat Apr 18 05:52:50 +0000 2020, -90.581249, 38.651687, @Jbehnen876 @stoolpresidente @8pm Hahahahahahahaha that may have taken the cake if it was on time 
Khristen, Sat Apr 18 05:52:50 +0000 2020, -73.948775, 40.655138, @Krystina_Death i need it 
SvtBryan, Sat Apr 18 05:52:50 +0000 2020, -121.827167, 37.367500, @elplebeJr_20 That whine gonna be louder soon 
dreaelizabethh, Sat Apr 18 05:52:50 +0000 2020, -117.363067, 34.531222, @nyaduothg girl it's sending me too!!!! I can't believe i cant find anyone!!! 
jonirobuck, Sat Apr 18 05:52:50 +0000 2020, -82.319859, 28.799290, In my opinion the Greatest President period! 
chuchibean, Sat Apr 18 05:52:51 +0000 2020, -81.633705, 38.347486, to baby boy from anonymous ğŸ‘‰ğŸ¼ğŸ‘ˆğŸ¼ğŸ’‹ https://t.co/Ko6dInERN9 
spencerkim25, Sat Apr 18 05:52:51 +0000 2020, -117.789005, 33.890425, natural selection (noun): the process whereby organisms better adapted to their environment tend to survive and proâ€¦ https://t.co/RW53tCLFNK 
iangabrielvista, Sat Apr 18 05:52:51 +0000 2020, -118.113076, 33.844650, Ang qt ng â€œguess the gibberishâ€ game sa IG tila tayo tanga. 
Surge_Yo, Sat Apr 18 05:52:51 +0000 2020, -105.017787, 39.596849, "Constant support, structure and trust is what makes a sanctuary." 
Tabasco08, Sat Apr 18 05:52:51 +0000 2020, -82.985772, 39.994684, Tryna lay up and watch internet videos with someone. Joe Pera reminded me how great it is 
monimcdreamy, Sat Apr 18 05:52:51 +0000 2020, -118.068689, 33.866965, Men ğŸ™„ 
briannarobillos, Sat Apr 18 05:52:51 +0000 2020, -123.122401, 44.065621, @juzjulian @k_wubzz this will happen to your face https://t.co/8y7zGZEaOe 
smlungpathguy, Sat Apr 18 05:52:51 +0000 2020, -81.463848, 41.476764, @TanMohammedMD @MedTweetorials @hochhegger @farouk_dako @WuMarkusY @JeffreyKanneMD @jonherochung @lameliav Thank you! 
fuckriqo, Sat Apr 18 05:52:51 +0000 2020, -117.462698, 34.108160, bianca telling sum1 â€œshut the fuck upâ€ in that soft ass voice ğŸ˜‚ğŸ˜‚ğŸ˜‚ğŸ˜‚ 
essayhughes, Sat Apr 18 05:52:52 +0000 2020, -79.980689, 40.431389, @VictoriaCot I felt the, â€œIâ€™ve done nothing for x days,â€ with my migraines the last week or two. I had a woman inteâ€¦ https://t.co/m79LeZhk8R 
e_munson, Sat Apr 18 05:52:52 +0000 2020, -73.968542, 40.780709, Me whenever @NickInTheBacks shaves his beard clean off https://t.co/KO2aL5cDi1 
montbranman214, Sat Apr 18 05:52:52 +0000 2020, -96.835249, 33.150140, Quarantine got joe buck wildin 
holymothermaryy, Sat Apr 18 05:52:52 +0000 2020, -119.306608, 37.269176, Lmao how are you going to have the audacity to try and insult me. When you havenâ€™t even had a job, house, car, or aâ€¦ https://t.co/w2mSS8yXYC 
goodell2017, Sat Apr 18 05:52:52 +0000 2020, -119.175940, 46.199292, @Mystime For myself washable if I can find one, in Washington State we are all to wear one where we buy our food or get our prescriptions. 
jennabellaaa_, Sat Apr 18 05:52:52 +0000 2020, -81.402347, 28.299371, Lowkey praying for it. 
SmakyCEO, Sat Apr 18 05:52:53 +0000 2020, -88.121338, 30.761014, @_slimarella_ U damn right 
SoyRomas, Sat Apr 18 05:52:53 +0000 2020, -100.588311, 25.333175, @Fersingis ğŸ˜¥ 
Rico_ThaShooter, Sat Apr 18 05:52:53 +0000 2020, -81.705467, 41.495940, TL sleep? Good kause Iâ€™m making my ass eating debut soon! ğŸ˜­ğŸ˜­ 
LuckyD___, Sat Apr 18 05:52:53 +0000 2020, -75.117998, 40.004866, Iâ€™m the last person to call if youâ€™re in trouble my phone stay on DND sadly. 
pimpaleee, Sat Apr 18 05:52:53 +0000 2020, -100.076888, 31.168893, @dayaa2x yes i do , cum here 
WILCO19561, Sat Apr 18 05:52:53 +0000 2020, -86.791549, 36.200008, @SistahScholar @Yankeegal11 *fomenting 
cbrookks, Sat Apr 18 05:52:53 +0000 2020, -95.446486, 29.838495, I miss underage drinking :/ https://t.co/kuL9N62RXj 
skoopjones, Sat Apr 18 05:52:53 +0000 2020, -81.520478, 41.588460, @BIGFIFAYONES https://t.co/zHWVrYPMh6 
jade_carpenterw, Sat Apr 18 05:52:53 +0000 2020, -119.827182, 39.512436, Well now I low key feel like shitğŸ¤¢ 
Just__PHILIPPE, Sat Apr 18 05:52:53 +0000 2020, -74.245455, 40.624274, Sangria ğŸ¤¸ğŸ¿â€â™€ï¸ 
_BitchTheWitch, Sat Apr 18 05:52:53 +0000 2020, -76.355918, 36.841764, So Niggas Freely Posting Dick Pics On This App Now ??? Yeah Imma Head Out 
pricilasan30, Sat Apr 18 05:52:53 +0000 2020, -96.761753, 32.819858, fuck 2020 take me back to 2019 when selena dropped lose u to love me ğŸ˜” 
ginnn_xx, Sat Apr 18 05:52:53 +0000 2020, -80.846785, 35.209059, Capriccio= hangover I already know ğŸ¥´ 
Yoontopian93, Sat Apr 18 05:52:54 +0000 2020, -115.133373, 36.249124, Oh shit.. 
MikeyCasey3, Sat Apr 18 05:52:54 +0000 2020, -81.589647, 40.027001, Donâ€™t â€œsee one send oneâ€ if youâ€™re a put to take 14.8 seconds to down a 12oz beer 
LindaLy16390781, Sat Apr 18 05:52:54 +0000 2020, -76.176920, 42.599418, @AdamJerro @lexhamrealty @latimes Get them legal 
lettyyy_g, Sat Apr 18 05:52:54 +0000 2020, -115.548036, 32.774585, https://t.co/87n1Mz7yn4 
foreverfatima22, Sat Apr 18 05:52:54 +0000 2020, -118.248063, 33.839612, NENNAAAAA ğŸ˜‚ğŸ˜‚ğŸ¥µğŸ’€ 
LovingRandy_, Sat Apr 18 05:52:54 +0000 2020, -73.968542, 40.780709, invest in your happiness 
jordailynn, Sat Apr 18 05:52:54 +0000 2020, -95.446486, 29.838495, not indulging if it doesnâ€™t benefit me 
JoshieWashie, Sat Apr 18 05:52:54 +0000 2020, -115.223125, 36.232915, @GolnesaGG has really grown those season (I feel like I tweet this every season since season 1) #growth #Shahs #ShahsofSunset 
jaasmineperez, Sat Apr 18 05:52:54 +0000 2020, -121.967821, 37.370990, des puz seed hoe 
ansiiboy, Sat Apr 18 05:52:54 +0000 2020, -118.068689, 33.866965, @andflrs_ @chedxcx Have you ever seen me without this stupid hat on? That's weird. https://t.co/Fj8eCtBNlJ 
rawkale_, Sat Apr 18 05:52:54 +0000 2020, -98.245675, 26.240690, ğŸ˜â¤ï¸ 
brown_birds, Sat Apr 18 05:52:54 +0000 2020, -91.090800, 30.459100, Iâ€™ve been thinking ab this kinda thing a lot. For me answer is yes, but the edu i had in undergrad at a top publicâ€¦ https://t.co/74A4t8fItX 
RASHAUNALRAFI, Sat Apr 18 05:52:55 +0000 2020, -84.475291, 33.657586, https://t.co/DMUfqA4NGO 
__livindalife, Sat Apr 18 05:52:55 +0000 2020, -77.014398, 38.898603, @TSimone_ I need to finish it 
a_ndrewmoore, Sat Apr 18 05:52:55 +0000 2020, -115.133373, 36.249124, @anabxnillas @intrnetboy ANA GIVE ME MY FUCKING MEME BACK WTF??? 
trawww_d, Sat Apr 18 05:52:55 +0000 2020, -106.632718, 35.117002, Good theyâ€™re getting what they deserve. 
Anderson8372, Sat Apr 18 05:52:55 +0000 2020, -94.182162, 42.507058, @pulte https://t.co/Ho91MmCj35Help! 
haleynashhh, Sat Apr 18 05:52:55 +0000 2020, -97.135638, 32.701850, @baarbiegrl somehow this vision is still immaculate ğŸ˜© 
iRadRock, Sat Apr 18 05:52:55 +0000 2020, -77.604684, 41.117936, @Tabaza @jcgeorgemd @fischman_david @wordfinga @BoggildLab @CardiacPA1 @fitmslax @jointdocShields @mymomthesurgeonâ€¦ https://t.co/kJOXIFS4cy 
Conquer_Crew, Sat Apr 18 05:52:55 +0000 2020, -120.475890, 46.557620, Better late than neverğŸ˜‰keeks_09 scores a Conquer duffle bag!  AND extra style points for rockin'' Conquer gear whâ€¦ https://t.co/EBeTCj4ZtE 
SkyMyGuy, Sat Apr 18 05:52:55 +0000 2020, -97.285913, 32.779967, Remember, you're better than you think 
MomishAf, Sat Apr 18 05:52:55 +0000 2020, -71.088712, 42.313670, @Deasmom @YouTube ğŸ¥°ğŸ¥° 
playboybartende, Sat Apr 18 05:52:55 +0000 2020, -117.294096, 34.134925, So if the @MLS does a 50% game schedule. Will the players union protest? 
ChristaKnwsBest, Sat Apr 18 05:52:55 +0000 2020, -95.990175, 30.083158, We also got you sis ğŸ’— 
D1__Dre, Sat Apr 18 05:52:55 +0000 2020, -80.207263, 25.944446, https://t.co/rbtBKBygcE 
DearVerenisee, Sat Apr 18 05:52:56 +0000 2020, -97.477426, 25.972106, â¤ï¸ 
PatrickQuinnTV, Sat Apr 18 05:52:56 +0000 2020, -122.330602, 47.614817, @TammyKOMO @komonews So...no? 
TheSydneyCoffee, Sat Apr 18 05:52:56 +0000 2020, -82.442694, 27.996595, Iâ€™m on episode 1 of #TooHotTooHandle and so far Harry and Kelz can have all of me no question https://t.co/oj9zZHoU6p 
mirandastyles55, Sat Apr 18 05:52:56 +0000 2020, -82.929418, 42.376424, So this little dirty blonde girl is trying to kill Marty and Iâ€™m confused tbh 
wordman54, Sat Apr 18 05:52:56 +0000 2020, -96.734900, 33.061243, @sheri_lynn95252 yw and mutual Sheri Lynn, be safe and well 
laura_beth68, Sat Apr 18 05:52:56 +0000 2020, -89.123967, 38.576433, @charliekirk11 Another ass kissing asshole!! Yea!!! 
dianawut, Sat Apr 18 05:52:56 +0000 2020, -117.462698, 34.108160, Not me being overly sensitive rn 
kt_______, Sat Apr 18 05:52:56 +0000 2020, -95.446486, 29.838495, Gorillas really be funny af 
AbbyPfaff, Sat Apr 18 05:52:56 +0000 2020, -97.135638, 32.701850, and finally, i went back to red. because itâ€™s a classic. and itâ€™s what i always go back to. FIN. https://t.co/u7HjswIjYs 
TajDarielle, Sat Apr 18 05:52:57 +0000 2020, -80.122619, 26.721896, None 
rtwic888, Sat Apr 18 05:52:56 +0000 2020, -123.123581, 49.257639, Well - They're Getting the 'Justice' Part - After They Used Their 'Freedom' -  To Murder Jews; So the Prisoners Gotâ€¦ https://t.co/ZvE20LJQR6 
Kopfjager_, Sat Apr 18 05:52:57 +0000 2020, -106.417430, 31.793368, If you are getting haircuts  or shaving your mustache during the quarantine youâ€™re a FKN square 
kendalbruce_, Sat Apr 18 05:52:57 +0000 2020, -118.411907, 34.020789, I plan on winning 
valleylemon, Sat Apr 18 05:52:57 +0000 2020, -98.000235, 26.176961, life was good when every club played te bote a million times 
TheTalentedMrA, Sat Apr 18 05:52:57 +0000 2020, -118.411907, 34.020789, @PrincessDeeanaa https://t.co/c9QGiq6H1d 
JamesL0307, Sat Apr 18 05:52:57 +0000 2020, -98.319925, 38.498196, What's the most famous person you've had an interaction with on Twitter? 
SnazzySuccubus, Sat Apr 18 05:52:57 +0000 2020, -111.880874, 33.282450, @TekufusRevenge We onto bigger, better things 
Derick74345600, Sat Apr 18 05:52:57 +0000 2020, -108.574616, 39.091751, Sir I need a sit down with you Mr. President. 
Itshoel1234, Sat Apr 18 05:52:57 +0000 2020, -100.076888, 31.168893, Whatâ€™s the reason for June bugs smh itâ€™s not even June 
rtwic888, Sat Apr 18 05:52:56 +0000 2020, -123.123581, 49.257639, Well - They're Getting the 'Justice' Part - After They Used Their 'Freedom' -  To Murder Jews; So the Prisoners Gotâ€¦ https://t.co/ZvE20LJQR6 
crawfordsjonah, Sat Apr 18 05:52:57 +0000 2020, -86.145320, 39.583039, @HessasAngels i accepted it 
2nuff4u, Sat Apr 18 05:52:57 +0000 2020, -82.368322, 27.998056, So some of the babies probably died on the way back home or right after birth?! This man was PSYCHOTIC ğŸ¤¢â€¦ https://t.co/LR5o9brDZD 
JaniceW59620507, Sat Apr 18 05:52:58 +0000 2020, -83.173867, 32.678207, Any woman in this woeld e got them with her.Who to trust at a time like this he got themw.oth Middlebrroks eachlastâ€¦ https://t.co/E1eQa7VQOP 
SuperJusticeGuy, Sat Apr 18 05:52:58 +0000 2020, -76.797222, 39.421988, Scrap. https://t.co/dfU3nxE5Yr 
swberk, Sat Apr 18 05:52:58 +0000 2020, -93.202438, 44.746673, @Chris_Hawkey Chris Hawkey I love you buy once the economy is destroyed our lifestyle that we enjoy will be gone. Iâ€¦ https://t.co/cPMwJh4YDH 
laura8am, Sat Apr 18 05:52:58 +0000 2020, -111.498181, 28.969863, Pero que acabo de ver 
rat___fink, Sat Apr 18 05:52:58 +0000 2020, -96.696562, 40.803235, â€œYouâ€™re not even an actor, youâ€™re a haircutâ€ is perhaps the most underrated line from television. I want to be a crâ€¦ https://t.co/sLDsoJbRqF 
anacristinahm, Sat Apr 18 05:52:58 +0000 2020, -111.498181, 28.969863, @mr_brightsidee0 @mazap4n Ni pestaÃ±as amiga ğŸ¥º 
jakelly64, Sat Apr 18 05:52:58 +0000 2020, -111.712862, 40.339376, @camden52801 Bitch canâ€™t even spell 
linnxvo, Sat Apr 18 05:52:58 +0000 2020, -116.941950, 33.729481, @gemvls @__donovan23 https://t.co/CuWUJ24ChY 
pietrozna, Sat Apr 18 05:52:58 +0000 2020, -118.411907, 34.020789, jogar ludo tb serve 
mella_cej, Sat Apr 18 05:52:59 +0000 2020, -75.226986, 43.119680, @itslivtino OH, i aint see the not 
ElyssaBenavides, Sat Apr 18 05:52:59 +0000 2020, -100.076888, 31.168893, Introduced my mom to @Spotify and now all I hear is all sorts of music full blast from her room ğŸ˜‚ 
officially_nika, Sat Apr 18 05:52:59 +0000 2020, -89.876449, 32.571032, WtfğŸ¤£ 
KingJay601, Sat Apr 18 05:52:59 +0000 2020, -91.090800, 30.459100, https://t.co/C80Vi75VmS 
railroadlady1, Sat Apr 18 05:52:59 +0000 2020, -97.114771, 33.202495, https://t.co/Z0Fv4wbgJJ 
caribouuuuuuu, Sat Apr 18 05:53:00 +0000 2020, -75.117998, 40.004866, @IlhanMN on it sir! 
vivalakakes, Sat Apr 18 05:53:00 +0000 2020, -112.124676, 33.552863, I have a serious crush on a woman and she scares me so think that it makes it more interesting lmao 
googuns_lulz, Sat Apr 18 05:53:00 +0000 2020, -110.779356, 28.349410, bf4b0eb393e94446208aa07f9870c16a73cb272efd59d751c5f2383914d6f26a9de369a0810b18a553c36ce5d6386f3af3433c2535941dfbc98â€¦ https://t.co/B2bzoqr4qm 
WEEKNDSFTMCCANN, Sat Apr 18 05:53:00 +0000 2020, -91.401008, 30.937336, ğŸ¤£ğŸ¤£ğŸ¤£ğŸ¤£ 
ss_santillan, Sat Apr 18 05:53:00 +0000 2020, -97.935192, 29.895606, Oh shit itâ€™s Friday. 
MRrichey_Rich, Sat Apr 18 05:53:00 +0000 2020, -111.928142, 33.392884, @ForeignKittyXXX ğŸ¤£ğŸ¤£ i could be wrong tho ğŸ˜… 
EdBateyJr, Sat Apr 18 05:53:00 +0000 2020, -81.109617, 32.017285, @GregProops @dumptrump33Bravo @billmaher!https://t.co/PVJ9ECmlU1 
AYCIncomparable, Sat Apr 18 05:53:00 +0000 2020, -80.233328, 25.782353, Yâ€™all is not iCarly yâ€™all ass donâ€™t gotta go LIVE everyday we donâ€™t care that you bored ğŸ™„ 
Sporty_Cordy, Sat Apr 18 05:53:01 +0000 2020, -78.853563, 42.896230, ğŸ˜± 
_laNino_, Sat Apr 18 05:53:01 +0000 2020, -90.011008, 29.982601, Wonder if itâ€™s raining 
Maverick1914, Sat Apr 18 05:53:01 +0000 2020, -96.982788, 32.958255, Watching folks play Warzone...team of 3 rolled up on dude  for a contract and he team wipes them 
kenjilopezalt, Sat Apr 18 05:53:01 +0000 2020, -122.315421, 37.552481, @sjhenle @OoniHQ @gozneygroup Bith are great. Depends whether you want fuel options (roccbox) or want more space (Ooni) 
jsalsa19, Sat Apr 18 05:53:01 +0000 2020, -109.841790, 27.713653, Las quesadillas llevan queso, pero los hermanos de la DiÃ³cesis de Toluca, no estÃ¡n preparados para esta conversaciÃ³n ğŸ˜… 
justicenbd, Sat Apr 18 05:53:01 +0000 2020, -96.761753, 32.819858, @nothisisjackiee right there with you ğŸ˜ 
YeaaImTaylor_, Sat Apr 18 05:53:01 +0000 2020, -95.192680, 29.972668, Iâ€™m still not understanding why Texas doesnâ€™t have a Disneyland. All this land in Texas is not occupied. 
MoryJoe, Sat Apr 18 05:53:01 +0000 2020, -96.053431, 41.275721, @EliPerezayala4 ğŸ˜ Te Amo ğŸ’• 
ausduc, Sat Apr 18 05:53:01 +0000 2020, -117.782360, 33.689732, Taco Bell on my mind 
wvmore, Sat Apr 18 05:53:02 +0000 2020, -117.104989, 32.810012, Why am I not a mermaid 
DiJohnson15, Sat Apr 18 05:53:02 +0000 2020, -120.846825, 44.307668, @manneb2015 If he chooses Liz... 
BalloutJ_, Sat Apr 18 05:53:02 +0000 2020, -84.433106, 33.767195, on me 
retrospective_b, Sat Apr 18 05:53:02 +0000 2020, -98.319925, 38.498196, @majorgauravarya Sir, donâ€™t you think it is too late in the day ! ? 
barbarafulcher, Sat Apr 18 05:52:57 +0000 2020, -83.173867, 32.678207, @CNNPolitics Why? 
Rico_Hoop, Sat Apr 18 05:53:02 +0000 2020, -85.491540, 32.597245, Hell yuh I been bsâ€™n 
emo_mama_, Sat Apr 18 05:53:02 +0000 2020, -98.540651, 29.417501, Def Theo 
ConyPenaa, Sat Apr 18 05:53:02 +0000 2020, -118.411907, 34.020789, i already miss my sister ğŸ˜© 
Kiddbillinger, Sat Apr 18 05:53:02 +0000 2020, -84.644926, 33.779824, @_MOST__HATED_ I said all that to say I LOVE boobs and I appreciate you for going thru that for me to love em! 
jacobyarbrough2, Sat Apr 18 05:53:02 +0000 2020, -117.104989, 32.810012, If the Saturn Barz video doesnâ€™t make you a Gorrliaz fan than I have no hope. 
gvijin, Sat Apr 18 05:53:02 +0000 2020, -73.948775, 40.655138, â€œWhy this nigga feel like he so important, I GOTTA find outâ€ gyal wanna know everything smh. 
sunfIowerliz, Sat Apr 18 05:53:02 +0000 2020, -95.446486, 29.838495, iâ€™m literally so in love w this man and i feel like weâ€™d actually be good friends but heâ€™s never gonna know who i aâ€¦ https://t.co/9h3Ap9St6k 
bmiller808, Sat Apr 18 05:53:02 +0000 2020, -121.983282, 36.991172, I fought a haunted house in FFVII. I feel like anything else I do in the game will pale in comparison 
florenciobanda, Sat Apr 18 05:53:02 +0000 2020, -110.854585, 24.107997, #SomosUnMundo 
RASHAUNALRAFI, Sat Apr 18 05:53:03 +0000 2020, -84.475291, 33.657586, https://t.co/g3wSDy4gzN 
PrettibluBao, Sat Apr 18 05:53:03 +0000 2020, -112.124676, 33.552863, #BTSARMY https://t.co/ENeXSTgAxZ 
adriaaan_campos, Sat Apr 18 05:53:03 +0000 2020, -115.038337, 36.006256, Ight donâ€™t judge me but I just took half of ecstasy cause why the fuck not so boutta go live and wild out 
dellronn, Sat Apr 18 05:53:03 +0000 2020, -90.055971, 29.912164, ğŸ˜­ğŸ˜­ğŸ˜­ğŸ˜­ğŸ’€ 
CheaGangx, Sat Apr 18 05:53:03 +0000 2020, -76.880139, 38.967244, Brazy 
LASTDONRON, Sat Apr 18 05:53:03 +0000 2020, -90.247824, 38.653771, Twist up a wood my nigga, get even higher lol. 
edmthotiana, Sat Apr 18 05:53:03 +0000 2020, -122.347285, 47.465059, my mom is so cute she ate the ice cream i bought so she walked to the stor and got me ice cram to replace it ğŸ˜­ğŸ˜­ğŸ˜­ğŸ¥ºğŸ¥ºğŸ¥ºğŸ’•ğŸ’• 
jeancarlopg, Sat Apr 18 05:53:03 +0000 2020, -111.498181, 28.969863, @01wili Haaaaaayyy tiro lamitaaaa!!! 
ValcourtKevin, Sat Apr 18 05:53:03 +0000 2020, -80.201535, 26.168382, Agreeee 
xomadftp, Sat Apr 18 05:53:03 +0000 2020, -119.306608, 37.269176, @needycoco say less babey ğŸ¥° 
TrlrTrshhh, Sat Apr 18 05:53:03 +0000 2020, -119.306608, 37.269176, My feelings are hurt, steadily 
Darnell__16, Sat Apr 18 05:53:04 +0000 2020, -83.173867, 32.678207, KKKKKK AI MEI DEUS SOCORRO GENTE 
ninoalibegic, Sat Apr 18 05:53:04 +0000 2020, -111.992317, 40.603071, Iâ€™m not criticizing him anymore. Iâ€™m fine with him making the same song now after that last tape. Heâ€™s good in thatâ€¦ https://t.co/XhN4ZZ2tOI 
KissMyParis, Sat Apr 18 05:53:04 +0000 2020, -83.804475, 27.698682, More stamina Then AnimalsGucci is no amateurğŸ˜ğŸ’ªğŸ¾ 
HypeRican, Sat Apr 18 05:53:04 +0000 2020, -88.161555, 30.683649, Iâ€™ll politely hang up and wish you a goodnight. ğŸ˜˜ 
SkinWalkersTV, Sat Apr 18 05:53:04 +0000 2020, -76.481195, 42.508720, Making video soon out side with my 4K iPhone 
BeeSting14618, Sat Apr 18 05:53:04 +0000 2020, -77.605207, 43.127268, @abandonedameric I think you misspelled â€œThe rules of being owned by a catâ€ ğŸ¤£ğŸ¤£ğŸ¤£ğŸ¤£ğŸ¤£ 
jstnaomi, Sat Apr 18 05:53:04 +0000 2020, -97.169156, 31.547449, bruh my tolerance for alcohol is getting real high because iâ€™m 7 shots deep into 1800 and iâ€™m still good 
MaxPower13124, Sat Apr 18 05:53:04 +0000 2020, -117.206835, 47.635531, My Pet Monster 
mmgregory53008, Sat Apr 18 05:53:04 +0000 2020, -81.511516, 41.165246, @bferrigno @michellebhasin No way they can keep water fountains sanitized. And keep social distancing in an elementâ€¦ https://t.co/UuuW3ankTU 
mylove4mu5ic, Sat Apr 18 05:53:04 +0000 2020, -79.420865, 38.003376, Never again am I ever using PayPal again and the mf that created that bs can choke on a clit. Iâ€™m over it. 
kalidou07147864, Sat Apr 18 05:53:04 +0000 2020, -84.550064, 39.346932, I wouldnâ€™t cuff her so I wife her ğŸ¤ŸğŸ¾ 
_miacaroline, Sat Apr 18 05:53:05 +0000 2020, -118.325145, 34.182160, @savannnahcastro Omg 
benitezjas7, Sat Apr 18 05:53:05 +0000 2020, -118.411907, 34.020789, @ehh_melissa_ HUH? 
canakikass, Sat Apr 18 05:53:05 +0000 2020, -118.411907, 34.020789, @stonecold2050 No way!!!! I canâ€™t even. 
Well_Versed_, Sat Apr 18 05:53:05 +0000 2020, -115.133373, 36.249124, @ShakeShaman ğŸ˜§ sir I highly discourage this lol. You will probably feel nauseous and or itchy like a mf lol. If youâ€¦ https://t.co/vxpd8tbURU 
Jay4Three, Sat Apr 18 05:53:05 +0000 2020, -111.737566, 33.405755, This jokes lol 
MarkCavanaugh3, Sat Apr 18 05:53:05 +0000 2020, -104.922093, 39.713563, @anniekatherine My hair is going seriously 1970s. I never dreamed Iâ€™d wear my hair like this at this age. Yet itâ€™sâ€¦ https://t.co/5gVUch7ptb 
d_sweatshirt24, Sat Apr 18 05:53:05 +0000 2020, -117.320879, 33.226316, Aye so should I keep it or nah? 
reynaxflores, Sat Apr 18 05:53:05 +0000 2020, -120.419584, 34.932367, @EspinozaTerron right not tryna commit fraud ğŸ¥´ 
kaylan_alexus, Sat Apr 18 05:53:05 +0000 2020, -92.061177, 30.206079, Aww no way ğŸ˜­ RIP Steph 
Seb_Vald, Sat Apr 18 05:53:05 +0000 2020, -80.401725, 26.103362, running a giveaway contest to smack the fuck out of me, you just need to rt this and follow me 
creolepeachess, Sat Apr 18 05:53:05 +0000 2020, -82.160865, 29.120223, At every function and event yâ€™all see me, 9/10 Iâ€™m high or tipsy asf. 
raenice_, Sat Apr 18 05:53:06 +0000 2020, -91.682855, 41.976528, This the fucking tweet 
VIPTICKETS, Sat Apr 18 05:53:06 +0000 2020, -118.411907, 34.020789, ğŸ’™ âš¾ï¸ 
AlalanGuSal, Sat Apr 18 05:53:06 +0000 2020, -115.579879, 30.156488, Pero tengo bonitos sentimientos y un humor un tanto Ã¡cido. https://t.co/eJwApxwoaK 
ssecijak, Sat Apr 18 05:53:06 +0000 2020, -98.716992, 35.309047, Setlist! 
Nate_Is_DatDude, Sat Apr 18 05:53:07 +0000 2020, -76.884934, 38.926235, @MsAnaisAnais Lol ğŸ˜‚ 
xoxo_lalaa_, Sat Apr 18 05:53:07 +0000 2020, -117.397616, 33.935822, Day 1025 of Quarantine: I discovered that I actually DO know how to do hair lmaooo I braided my sister hair, twisâ€¦ https://t.co/AESFuvW6t3 
AlblaccfromdaA, Sat Apr 18 05:53:07 +0000 2020, -84.388900, 33.756600, ğŸ¤”ğŸ–¤ @ Atlanta, Georgia https://t.co/l86PdotGoT 
phgouveia2001, Sat Apr 18 05:53:07 +0000 2020, -77.163103, 39.087055, @jlm_mendes , jÃ¡ vem a mÃºsiquinha na hora kkkkkkkk 
ThomasDeMatteo7, Sat Apr 18 05:53:07 +0000 2020, -88.264303, 40.054025, @politico Is he trying to incite a civil war 
Cassperloc, Sat Apr 18 05:53:07 +0000 2020, -115.135165, 36.060964, @melanatedmomma Cuzz We Some Gangstaz ğŸ˜ ğŸ˜#NewMusic #NewMusicAlert #newmusic2020 #blessUPhttps://t.co/aQQvaX8phh 
TacosandTeslas, Sat Apr 18 05:53:07 +0000 2020, -122.179327, 37.879414, @elonmusk @biogirl09 @bluemoondance74 @MichaelCanary02 @Erdayastronaut @dwesterster If you had to choose. Whatâ€™s yoâ€¦ https://t.co/yCh3h2dyzu 
carolynnnn____, Sat Apr 18 05:53:07 +0000 2020, -75.483936, 40.591825, Lmfaoooo 
reva_justeen, Sat Apr 18 05:53:07 +0000 2020, -97.432425, 27.737151, need my back popped like a glow stick again, itâ€™s been a few days...ğŸ˜” 
auggie_cook, Sat Apr 18 05:53:07 +0000 2020, -80.137732, 40.457401, @Pirates Go Bucs 
Suuggaa, Sat Apr 18 05:53:08 +0000 2020, -85.722346, 38.195555, Mane Iâ€™m riding dick like Megan Iâ€™m drunk 
axle_b97, Sat Apr 18 05:53:08 +0000 2020, -122.201098, 39.524221, You good chief? 
ISOJAYYY, Sat Apr 18 05:53:08 +0000 2020, -73.948775, 40.655138, @CoachDuke_ Me 
a_landeros1, Sat Apr 18 05:53:08 +0000 2020, -121.322615, 36.428055, You fucked me over both mentally and physically and Iâ€™ll always hate you for that! 
velasquezkarina, Sat Apr 18 05:53:08 +0000 2020, -97.753840, 31.079307, Si fallaste ayer, no importa... hoy tienes la oportunidad de comenzar de nuevo. ğŸ¦‹ğŸ––ğŸ» #StayHome #COVID19 https://t.co/NdhrTs7Eve 
askhalid, Sat Apr 18 05:53:08 +0000 2020, -118.411907, 34.020789, Watching the BBC version of A Hitchhikerâ€™s Guide to the Galaxy and it is a whole mood. https://t.co/YEMsGiIMf7 
rickystokesnews, Sat Apr 18 05:53:08 +0000 2020, -86.680738, 32.576227, HOUSTON CO:  Late Fri night a body found in a ditch on Coskrey Road. Sheriff investigating as a homicide.â€¦ https://t.co/4hj59tfZxp 
SeoltangSteph, Sat Apr 18 05:53:08 +0000 2020, -115.223125, 36.232915, Need food to stay awake 
allykat1006, Sat Apr 18 05:53:08 +0000 2020, -98.317683, 26.208802, i will stan dad bods till the day i DIE 
Mikahthegreat_, Sat Apr 18 05:53:08 +0000 2020, -90.178629, 30.001244, Yeah sure. 
Dannyjortega, Sat Apr 18 05:53:09 +0000 2020, -73.831187, 40.670879, Estimados amigos ahorita revisando el Twitter debÃ­a 9 fallow yo fallowing a todos.. tambiÃ©n pueden avÃ­same, no problema!! 
laddiecomehome1, Sat Apr 18 05:53:09 +0000 2020, -87.192951, 41.622433, @g_mom1411 @AEJ58 @SenDuckworth She is a shell - the Illinois Democratic Crime Ring tells her what to do - not a person anymore. 
digbigger, Sat Apr 18 05:53:09 +0000 2020, -85.231089, 43.096626, Rare kandy with my lil qt bb. https://t.co/IeOVcNAysO 
imtreon, Sat Apr 18 05:53:09 +0000 2020, -92.076701, 32.521243, @aneseyadunn I gotta get a cut ğŸ˜”ğŸ’€ 
_BellaTu, Sat Apr 18 05:53:09 +0000 2020, -76.593943, 24.074967, Orphan black! 
gluuten69, Sat Apr 18 05:53:09 +0000 2020, -105.242687, 40.023982, So I was just told what she ERC is, and it turns out it means "Editing Recruitment Challenge". Oops. 
EmbraceMeHere, Sat Apr 18 05:53:09 +0000 2020, -83.173867, 32.678207, @DAcholonu Smells like teen spirit smh 
YELLOWSKIMASK, Sat Apr 18 05:53:10 +0000 2020, -119.025163, 35.346902, @GIIIBBYYY Dude 
saucedo162, Sat Apr 18 05:53:10 +0000 2020, -109.103726, 25.921947, SerÃ¡ muy tarde para plancharme el cabello? Estoy aburrida 
Prettty_Af, Sat Apr 18 05:53:10 +0000 2020, -89.017567, 42.257146, @Corinthian_B I can never get into that show 
xxKB__, Sat Apr 18 05:53:10 +0000 2020, -75.117998, 40.004866, thatâ€™s not true ğŸ˜‚ğŸ˜‚ https://t.co/6WXLq6WerX 
IkwuagwuLeslie, Sat Apr 18 05:53:10 +0000 2020, -96.761753, 32.819858, I love watching netflix shows with val and discussing it after 
Amel_Arii, Sat Apr 18 05:53:10 +0000 2020, -74.992990, 39.949884, Definitely Both &amp; it depends on the mood lol 
___elicastillo, Sat Apr 18 05:53:10 +0000 2020, -73.968542, 40.780709, Took a nap earlier and now Iâ€™m UP UP ğŸ˜© 
SLIKKRIC, Sat Apr 18 05:53:10 +0000 2020, -90.011008, 29.982601, Do you remember when you joined Twitter? I do! #MyTwitterAnniversary Happy Birthday to meğŸ˜¬ğŸ˜¬ https://t.co/npMsLdoPvk 
BigSprat_, Sat Apr 18 05:53:10 +0000 2020, -98.540651, 29.417501, hmu 
ReEblynch, Sat Apr 18 05:53:10 +0000 2020, -82.669467, 40.365160, @macey_ladyga youâ€™re so brave my queen 
HangryPoet197, Sat Apr 18 05:53:10 +0000 2020, -92.252156, 30.231529, I keep searching for that supernova sunsetSkies that just melt awayStars in your lapMake a wishYou hope I comâ€¦ https://t.co/kCv36OHktg 
facken_dai, Sat Apr 18 05:53:11 +0000 2020, -88.285028, 41.437434, @AlecMackowiak They have one of the lowest death counts from Covid 
sexiestcelia, Sat Apr 18 05:53:11 +0000 2020, -123.123581, 49.257639, ohmygod, ano na nanyayare sakenn. 
WinnerRocky, Sat Apr 18 05:53:11 +0000 2020, -116.952353, 32.799253, @IlookLikeRocky @SueKunda @PretenderMovie Watcha doinâ€™ up? Itâ€™s like almost 2 AM kid you need to get some rest and get them bones growinâ€™ ğŸ¥Š 
OwnthefutureMKE, Sat Apr 18 05:53:11 +0000 2020, -88.008899, 42.959286, @TheNoeShow Your trash if your not. You faucet peddling peasant 
wokeupp, Sat Apr 18 05:53:11 +0000 2020, -97.754724, 30.323346, @catpizzas4ever https://t.co/G2BmQxvQsN 
saguyon, Sat Apr 18 05:53:11 +0000 2020, -119.306608, 37.269176, @kimszigatti @davejorgenson yes. Odd that he is being asked to opine on the COVID-19 topic in a public forum.   Not odd the he would accept. 
jeepmanjr, Sat Apr 18 05:53:11 +0000 2020, -82.669467, 40.365160, Before the great war Caitlin (Cait) Kim Black was Gunnery Sergeant in the USMC left the Marine Corps in July 4 2077â€¦ https://t.co/OqAy9i81XB 
Crowe1422, Sat Apr 18 05:53:11 +0000 2020, -87.198043, 39.160747, Iâ€™d totally be ok with that! @JimmieJohnson @JeffGordonWeb @MartinTruex_Jr https://t.co/dHLYQwy0Oj 
EadsSparkit, Sat Apr 18 05:53:12 +0000 2020, -76.615181, 39.396352, Vibes come a long way. Any vibe that donâ€™t genuinely feel good, I now ignore. 
joannasoon, Sat Apr 18 05:53:12 +0000 2020, -118.411907, 34.020789, @_cafeconpan At first glance, I thought you put the rose in there too! ğŸ˜… 
Rivas24oficial, Sat Apr 18 05:53:12 +0000 2020, -100.270474, 25.736715, @lerv0204911 Igual compadre y cuÃ­dese por favor 
loverofminelexi, Sat Apr 18 05:53:12 +0000 2020, -117.104989, 32.810012, @bears_in_trees just came up on my fyp on TikTok and I screamed. I love them so much 
JermzGXIII, Sat Apr 18 05:53:12 +0000 2020, -117.217920, 33.921924, @xofrcc @joosseer1 Alright thatâ€™s a BET 
JaimeePalacios, Sat Apr 18 05:53:12 +0000 2020, -111.498181, 28.969863, QuÃ© bueno que ya voy a quitar mucho a chingar su madre el internet de infinitum. 
Nicksamaripa1, Sat Apr 18 05:53:12 +0000 2020, -100.076888, 31.168893, @nevaehdlr Fasho! 
benitezjas7, Sat Apr 18 05:53:12 +0000 2020, -118.411907, 34.020789, @ehh_melissa_ lmaoooo ihy 
NxGDeezy, Sat Apr 18 05:53:12 +0000 2020, -83.804475, 27.698682, All mixes are in! #NOBODYCARES https://t.co/QFxIf0pXX7 
nolimitdre150, Sat Apr 18 05:53:12 +0000 2020, -76.620482, 39.284713, Travis Scott really fuck up every song he get on ğŸ˜¡ 
lizzy_luv, Sat Apr 18 05:53:12 +0000 2020, -96.699604, 33.194651, @Allen_ISD @YouTube I have applied! ğŸ˜ŠğŸ¤ğŸ¼ 
bigdaddyce_, Sat Apr 18 05:53:12 +0000 2020, -73.831187, 40.670879, Yâ€™all might not have anything nice to say about the postal service but it SHOULD NOT BE PRIVATIZED If you care abouâ€¦ https://t.co/VYghiyZzMa 
Dc930Mike, Sat Apr 18 05:53:12 +0000 2020, -78.764632, 43.009117, Be happy. Smile. Look for the positive things to generate that inner positive energy. Be calm, you can only controlâ€¦ https://t.co/7D2qOHnfkC 
stewarthewett, Sat Apr 18 05:53:13 +0000 2020, -79.861034, 35.170499, @ufc @NateDiaz209 Whatâ€™s up my boy Nate @NateDiaz209 
Sullyboy13, Sat Apr 18 05:53:13 +0000 2020, -86.270540, 45.001180, Shiiit $kingsolo1327 
whysoangrybyrd, Sat Apr 18 05:53:13 +0000 2020, -93.000418, 45.013759, @TGOTIT_ Right now Iâ€™m literally across the street from you. The house across the street on the corner my white aunâ€¦ https://t.co/D7LSWvFcTb 
Qveenkia_, Sat Apr 18 05:53:13 +0000 2020, -83.173867, 32.678207, I go so hard for my race .. I saw this mix boy on SC said â€œ I canâ€™t fw black female white females smell betterâ€ butâ€¦ https://t.co/H1xnsIVC3m 
HayajnehHaitham, Sat Apr 18 05:53:13 +0000 2020, -83.213557, 42.314732, @xxanna29 Then donâ€™t do it 
__jayjr_, Sat Apr 18 05:53:13 +0000 2020, -87.732013, 41.833585, One of my closet friends 
BCMsolt, Sat Apr 18 05:53:13 +0000 2020, -77.604684, 41.117936, @MZITO444 @BigErnie2020 @JRyanBlake1 @SexyAssPatriot2 @SJPFISH @CarolMariani1 @LeoDube @LoriinUtah @BlueStateSOSâ€¦ https://t.co/Zed5BOsKn4 
TajDarielle, Sat Apr 18 05:53:13 +0000 2020, -80.122619, 26.721896, Mind Hunter 
WhereDidJennyGo, Sat Apr 18 05:53:13 +0000 2020, -122.330602, 47.614817, Should I post cute selfies now or wait until tomorrow morning when theyâ€™ll get more traction 
EdnaCfree, Sat Apr 18 05:53:13 +0000 2020, -122.435979, 37.770657, @sherilynfenn1 Hey lady. Love you! I am here for you. 
txzeus, Sat Apr 18 05:53:13 +0000 2020, -95.317040, 32.315662, I canâ€™t wait to hear â€œMAMIIIII QUE TU QUEREEEEâ€  at the mf club 
bareazzbabe, Sat Apr 18 05:53:13 +0000 2020, -85.978600, 35.830522, @JeffreeStar Thank god! My chihuahua has the same issues along with congestive heart failure 
MsBianca_xo, Sat Apr 18 05:53:13 +0000 2020, -96.761753, 32.819858, @Versacesi1k That you know of...without daddy yankee there will never be no bad bunny or any of them 
febroseadams, Sat Apr 18 05:53:13 +0000 2020, -83.002085, 42.295065, https://t.co/63qecpaks4 
lswelk, Sat Apr 18 05:53:14 +0000 2020, -87.382054, 39.457639, @99freemind @Thomas1774Paine https://t.co/SvrMntT6Px 
LivKristen, Sat Apr 18 05:53:14 +0000 2020, -73.849441, 40.850347, @murrrlll Im@doing one tomorrow babe cus Iâ€™m too tired to organize another one right now but if you wanna join it just dm me 
m_cocci, Sat Apr 18 05:53:14 +0000 2020, -85.391350, 40.197240, @JoeSantagato THIS PICTURE HAS TO BE FROM THAT FUCKING ETSY WEBSITE ğŸ˜­ğŸ–•ğŸ¼ https://t.co/mPGgkO8IPU 
hollydermody, Sat Apr 18 05:53:14 +0000 2020, -97.406098, 31.110477, ğŸ–•ğŸ½âœŒğŸ½ğŸ™â¬‡ï¸ 
PollyMotzko, Sat Apr 18 05:53:14 +0000 2020, -115.223125, 36.232915, https://t.co/E5Y32S6ABU 
TygerDye, Sat Apr 18 05:53:14 +0000 2020, -80.095050, 26.976239, Thank god for you!  I feel so much safer with you!! 
SugahbearCraw, Sat Apr 18 05:53:14 +0000 2020, -78.895441, 35.990983, I wish Liza lasted a little longer it was a pleasure to see her again. Bbcan OG #Sequestermini #sequester 
Kenndre2U, Sat Apr 18 05:53:14 +0000 2020, -83.099288, 42.352787, Ugh Iâ€™m bored 
Purrpatrol, Sat Apr 18 05:53:14 +0000 2020, -88.164155, 41.864506, @mitchellvii Itâ€™s sustained contact.New Yorkers have bigger families in closer contact. Californians have smallerâ€¦ https://t.co/Am3nLClm4n 
test5geo1798, Sat Apr 18 05:53:14 +0000 2020, -122.416738, 37.776796, TEST_PLACE: db43ea80-6a98-459b-aebd-5dc1528ff4b8 
hcarreon_zuly, Sat Apr 18 05:53:14 +0000 2020, -100.365274, 25.807314, no puedo creer :( https://t.co/Mq2jZozHIz 
ladyyreese, Sat Apr 18 05:53:14 +0000 2020, -82.985772, 39.994684, i remember my ex cheated on me with a bitch and i turned around and made her my bitch ğŸ¤£ funny how the tables turn huh ğŸ˜‚ğŸ˜‚ğŸ˜‚ 
JiggyJahson, Sat Apr 18 05:53:14 +0000 2020, -118.125196, 34.583629, @i3abyg Thank ya thank ya 
_itsstephhyo, Sat Apr 18 05:53:14 +0000 2020, -121.145902, 36.176243, Did you know this!!?! @maria_alvaraddo 
zacxmoore, Sat Apr 18 05:53:15 +0000 2020, -111.931711, 34.168253, my friends hate me. https://t.co/XdV7SXj8v6 
ohaiijuvie, Sat Apr 18 05:53:15 +0000 2020, -118.131964, 34.177310, Morons! 
maracevess, Sat Apr 18 05:53:15 +0000 2020, -121.641268, 36.689149, yâ€™all I ainâ€™t just gonna leak my phone number out here like that .... ğŸ˜‚ 
AMolerus, Sat Apr 18 05:53:15 +0000 2020, -122.795782, 45.533126, @100dra_BD @Seesaw @Calvinn_Hobbes @canva @iPadPro @ibpyp Un super outil aussi pour les cartes mentales: MindMeisteâ€¦ https://t.co/LKBdLfgfdE 
idgajon, Sat Apr 18 05:53:15 +0000 2020, -73.948775, 40.655138, @DeepSeaThot @luislmonroy asdfghjkl WHY U YELLIN 
LuisReynaldoMa3, Sat Apr 18 05:53:15 +0000 2020, -95.446486, 29.838495, @_Madredegatos Nicaragua, Cuba, Venezuela, ğŸ¤”que raro vea?!ğŸ¤¦â€â™‚ï¸ğŸ¤¦â€â™‚ï¸ğŸ¤£ğŸ¤£ 
swwithkids, Sat Apr 18 05:53:15 +0000 2020, -111.931711, 34.168253, @dougducey @mcurtis12news @12News When is it safe? 
texas_kayak, Sat Apr 18 05:53:16 +0000 2020, -96.761753, 32.819858, @veebreanne If youâ€™re looking for somebody, let me know, because I ve got a friend who does a fantastic job, and shâ€¦ https://t.co/OEXyPPeDkq 
KarenWa92875469, Sat Apr 18 05:53:16 +0000 2020, -74.724323, 40.073041, Thatâ€™s just plain evil.ğŸ˜ˆ https://t.co/yKtpelhjZw 
tazmama58, Sat Apr 18 05:53:16 +0000 2020, -77.665311, 42.324906, @PascoSheriff When someone makes a mess and doesn't clean up after themselves 
PraxedesSolorio, Sat Apr 18 05:53:16 +0000 2020, -82.294509, 34.783738, Canâ€™t fall asleep so i am watchin some scandal 
WILCO19561, Sat Apr 18 05:53:16 +0000 2020, -86.791549, 36.200008, @manneb2015 Of course. Only fools support Trump. 
com3t_lvr, Sat Apr 18 05:53:17 +0000 2020, -118.027895, 33.936153, @168075_ I will see you in Florida ğŸ˜” 
wordman54, Sat Apr 18 05:53:17 +0000 2020, -96.734900, 33.061243, ğŸ§ #np heartfelt ğŸ’  'Fill Me Up' https://t.co/UjyZhG77Ii ğŸ™ï¸@amiliakspicer from her acclaimed album #WowandFlutter piâ€¦ https://t.co/URQL3it3t1 
DetroitJaylenn, Sat Apr 18 05:53:17 +0000 2020, -83.030573, 42.581306, @sydsocrazy https://t.co/mouLKMBVNe 
CheetahObscura, Sat Apr 18 05:53:17 +0000 2020, -122.330602, 47.614817, @incogthedeer Looks more like snuggles to me! :3 
NalexusP, Sat Apr 18 05:53:17 +0000 2020, -86.270540, 45.001180, Do you eat the blueberry eggos ones? 
mcqueen_maddie, Sat Apr 18 05:53:17 +0000 2020, -77.154445, 38.824284, I have had legitimate arguments about this before but can never find proof that Iâ€™m right. 
lovepavelka, Sat Apr 18 05:53:17 +0000 2020, -83.002085, 42.295065, ğŸ‘€ ğŸ’€ 
tropicalxdani, Sat Apr 18 05:53:17 +0000 2020, -81.705467, 41.495940, when billy ray said â€œwish you may and wish you might, dont you worry, hold on tight, i promise you that there will come a dayâ€, i felt that 
juicy_985, Sat Apr 18 05:53:17 +0000 2020, -90.821106, 29.743764, Bored ğŸ˜ 
Rest_Mgr_Plus, Sat Apr 18 05:53:17 +0000 2020, -122.630908, 45.536402, @dgerstner33 @ChrisCuomo Fresh E Doug: get the Fuck outta here and STAY HOME. 
davidxrussell, Sat Apr 18 05:53:17 +0000 2020, -85.978600, 35.830522, Mmm I gotta quit being an asshole:( 
ItIsClit, Sat Apr 18 05:53:17 +0000 2020, -87.732013, 41.833585, https://t.co/f4uUE8lfus 
J_Wessst, Sat Apr 18 05:53:17 +0000 2020, -122.162294, 37.705044, @J_MacWigglin Appreciate that Nupe 
anabelle_cakes, Sat Apr 18 05:53:18 +0000 2020, -118.130426, 33.937674, con ganas de llamarte y decirte quiero chingarte ğŸ¶ 
TobiasExplorers, Sat Apr 18 05:53:17 +0000 2020, -97.844068, 30.086299, Day 2 of device distribution! We were able to hand out 140 devices to our Explorers to use for home learning. We weâ€¦ https://t.co/ZR2eS22W5g 
AllysonSmolyar, Sat Apr 18 05:53:18 +0000 2020, -73.721791, 40.635740, @rodneylief couldn't even type while I was watching you drop some 90s house but hell fuckin yessss to that. I'm alllll about it 
ashhhdanielle, Sat Apr 18 05:53:18 +0000 2020, -97.114771, 33.202495, he know pressure when he sees it. 
KlatuBaradaNiko, Sat Apr 18 05:53:18 +0000 2020, -122.923516, 47.064528, @ButchPhelps @LBernard320 @RepGosar I get blocked by about 10 per night ğŸ¤£ğŸ¤£ğŸ¤£ğŸ¤£ğŸ¤£ 
bikergirl1964, Sat Apr 18 05:53:18 +0000 2020, -71.910475, 43.130776, @DOJPH 
JonaSuber12, Sat Apr 18 05:53:18 +0000 2020, -157.799589, 21.319944, More than a woman was that song 
shayesanjuan, Sat Apr 18 05:53:18 +0000 2020, -117.022695, 38.502147, Breast friend forever ğŸ’¦ğŸ˜˜ https://t.co/WeBpsjQhff 
lastvonerich, Sat Apr 18 05:53:18 +0000 2020, -111.858398, 33.639340, @MikeSirois How about Bris shoutouts? 
JoeSchmmoGaming, Sat Apr 18 05:53:18 +0000 2020, -79.861034, 35.170499, Man I feel like a irl friendship is like actually working on a confidant. You level it up as you hangout and as majâ€¦ https://t.co/30inkH6CIO 
nasty_canasta, Sat Apr 18 05:53:18 +0000 2020, -122.367378, 37.586112, @BBC_dip I had no idea who he was, even. Had to go on the alt. 
maddisonhyslope, Sat Apr 18 05:53:18 +0000 2020, -111.880874, 33.282450, 2016 // Sam Hunt 
_Johanna_eli, Sat Apr 18 05:53:19 +0000 2020, -117.022463, 32.633767, Im craving some lumpia @gipplife can you make some and ship it to me plzğŸ™ƒğŸ™ˆ 
NickBorth, Sat Apr 18 05:53:19 +0000 2020, -98.319925, 38.498196, @rockormiston2 @TrevorPippitt @brettswff @DentonClark17 @SiekerSales No! Coors light button is all I ask. 
dgold, Sat Apr 18 05:53:19 +0000 2020, -92.342322, 34.721886, @matthewbwake @MontysanoDoug loved that FFN cd ğŸ’¿âœŠğŸ½ (Arkansas kid here at the time, found em on my own) 
LeslieIslas, Sat Apr 18 05:53:19 +0000 2020, -111.498181, 28.969863, @shawnicepedro @TaydeNavarrete siiiii 
5277_665, Sat Apr 18 05:53:19 +0000 2020, -95.446486, 29.838495, @FredTJoseph Be gratefully appreciated if you coulf help me with some food and medication. Thank You &amp; God BlessPaâ€¦ https://t.co/Yl99uLr9kz 
jimcrowley, Sat Apr 18 05:53:19 +0000 2020, -122.330602, 47.614817, @StephForrer I get it. Iâ€™m still staying tuned for your recommendations. Thanks for those as well. 
DJJenkins, Sat Apr 18 05:53:19 +0000 2020, -118.394972, 34.138363, This data is a great reminder that the vast majority of churches did not meet publicly and followed stay-at-home anâ€¦ https://t.co/4A7fwjvgQa 
RichardFitswe17, Sat Apr 18 05:53:19 +0000 2020, -104.622776, 38.269550, @smalltaps Your eyes are so damn sexy! Beautiful! 
Normans_Edits, Sat Apr 18 05:53:19 +0000 2020, -102.519012, 36.060553, Thank you but I had to send Charlie to the hospital and I had to tell his niece to leave for the night, he tried toâ€¦ https://t.co/U9c9s91KWT 
Slickrickk90, Sat Apr 18 05:53:19 +0000 2020, -121.300425, 37.980826, â€œ YES NIECE â€œ ğŸ—£ 
ayojitos_baybee, Sat Apr 18 05:53:19 +0000 2020, -95.446486, 29.838495, I need to read this everyday ğŸ˜• 
ji_minxx, Sat Apr 18 05:53:20 +0000 2020, -74.267242, 40.696176, @trookiekookie He can slytherin my bed anytime 
Moflo19, Sat Apr 18 05:53:20 +0000 2020, -97.432425, 27.737151, RAP MON IMNIDA LOL 
CycleBabo, Sat Apr 18 05:53:20 +0000 2020, -97.343915, 37.683897, @DropsNoPanties @MoePody That's spelled 'virus'. 
iranacaa, Sat Apr 18 05:53:20 +0000 2020, -80.233328, 25.782353, b e a u t i f u l 
seokminstarr, Sat Apr 18 05:53:20 +0000 2020, -97.654794, 31.053384, this was.... 4 years ago. 
ShatorriaJ_, Sat Apr 18 05:53:20 +0000 2020, -83.804475, 27.698682, Iâ€™m finna see how long i can go without sex . 
JenniPhurr123, Sat Apr 18 05:53:20 +0000 2020, -80.177668, 25.905606, This man calls me Haitian Queen all the time I love it 
cocoalina__, Sat Apr 18 05:53:20 +0000 2020, -73.968542, 40.780709, SXTP4 â–¶ï¸ &amp; a hot shower 
lookronn, Sat Apr 18 05:53:20 +0000 2020, -92.112308, 30.239503, Not about to have me looking stupid. Go headddd guh ğŸ‘‰ 
DVFaringthon, Sat Apr 18 05:53:20 +0000 2020, -73.860857, 40.944568, @DoctorFarola ğŸ¤£ğŸ¤£ğŸ¤£ 
wax187rv, Sat Apr 18 05:53:20 +0000 2020, -96.761753, 32.819858, @dontcrve Stay-post Malone 
FatBoi843, Sat Apr 18 05:53:20 +0000 2020, -79.780308, 34.182661, Limits are almost universally imposed on such credits multinational corporations usually employ international tax sâ€¦ https://t.co/BkkUmFwM5x 
_xtmarie, Sat Apr 18 05:53:20 +0000 2020, -85.641142, 42.956412, @Kynificent dm me lbvs 
arianadrx, Sat Apr 18 05:53:21 +0000 2020, -117.887439, 33.739992, my disney bff is having her baby tn omg ğŸ¥ºğŸ¥ºğŸ¥º 
NykiyahL, Sat Apr 18 05:53:21 +0000 2020, -76.955799, 38.960842, Bestfriend for lifeeeğŸ’˜ @breeeee_h 
Flutoodope, Sat Apr 18 05:53:21 +0000 2020, -95.446486, 29.838495, Life is to short to be trippin over petty shit my gğŸ˜Œ 
90210Kinggirl, Sat Apr 18 05:53:21 +0000 2020, -118.411907, 34.020789, dad I miss u ğŸ’” my heart is broken forever 
trap_que, Sat Apr 18 05:53:21 +0000 2020, -90.994416, 30.097890, Muts, sheesh ğŸ¥´ 
5aa91bf204f14c5, Sat Apr 18 05:53:21 +0000 2020, -73.849441, 40.850347, https://t.co/ZfbzctYXPj 
JustoInSpace, Sat Apr 18 05:53:21 +0000 2020, -117.166667, 32.750000, No Horton Plaza, no Comiccon, lookin like @FabHillcrest the New Old Downtown again.. ğŸ˜…âœŠğŸ¾ğŸŒˆ @ Hillcrest, San Diego https://t.co/0kEndEaK8M 
elkatomartinez, Sat Apr 18 05:53:21 +0000 2020, -100.168717, 25.778679, El mejor dÃ­a 
Issy25__, Sat Apr 18 05:53:21 +0000 2020, -118.411907, 34.020789, Howâ€™s quarantine going ? ft. Lola ğŸ’‹ https://t.co/IN9Coih0bY 
trinirudegyal23, Sat Apr 18 05:53:21 +0000 2020, -80.294893, 26.156619, @PapaZaniel https://t.co/o0QoXYNiJL 
wordman54, Sat Apr 18 05:53:21 +0000 2020, -96.734900, 33.061243, ğŸ“£ â™¨ï¸ new ğŸ¶ alert â˜  #RedFlags (lyric video) https://t.co/hFTm3KC6En  ğŸ™ï¸ğŸ¬ @BestNotBroken  ğŸ§âœï¸â˜â€¦ https://t.co/5LD2Fb73gQ 
rlm30309atl, Sat Apr 18 05:53:21 +0000 2020, -71.683502, 42.036939, @SecretaryCarson @realDonaldTrump You are the worst thing since Slavery.   Trump does not have a Plan. 
dianawut, Sat Apr 18 05:53:21 +0000 2020, -117.462698, 34.108160, @nadinnnoo bitch yes n itâ€™s pissing me off 
Sweetestpot, Sat Apr 18 05:53:22 +0000 2020, -97.552161, 35.482844, @criiator @BigMeanieKing https://t.co/N0BO8M5Hns 
femmetron9000, Sat Apr 18 05:53:22 +0000 2020, -76.908404, 38.750322, I think I might take a break off here soon. Idk what it is but the energy on this app is kinda odd. We all going thâ€¦ https://t.co/cmx721wV4u 
rdbravog, Sat Apr 18 05:53:22 +0000 2020, -110.722327, 27.883699, a la fecha amigo junto con el de terra de los temas mas poderosos y brutales de un videojuego a mi gustoâ€¦ https://t.co/AkzIviezWw 
jaasmineperez, Sat Apr 18 05:53:22 +0000 2020, -121.967821, 37.370990, dez pus seed hoe 
JessieBrewer, Sat Apr 18 05:53:22 +0000 2020, -77.236969, 38.805115, @humorandanimals ğŸ’—ğŸ’—ğŸ’— 
daveandrade32, Sat Apr 18 05:53:22 +0000 2020, -117.166816, 33.138742, @TimMaxwell22 Great response Tim. 
missperlaaaa, Sat Apr 18 05:53:22 +0000 2020, -117.585658, 33.859093, @stilldabeast73 Sheâ€™s gorgeous! Hereâ€™s mine https://t.co/b1Cs19VEiK 
zTiredScientist, Sat Apr 18 05:53:22 +0000 2020, -93.176962, 44.988022, @matcatastrophe @Sarah_Mojarad I, unfortunately, went ahead and read the thread. It had about as much substance as air in a vacuum 
itsmichaelowens, Sat Apr 18 05:53:22 +0000 2020, -118.411907, 34.020789, @JustinKey101 SURE 
_Sean_Graham, Sat Apr 18 05:53:22 +0000 2020, -83.373349, 42.397315, Whatâ€™s worse? 
sraculishi, Sat Apr 18 05:53:23 +0000 2020, -107.342056, 24.662488, @libro_mal @fairycaroline 
PamelaJacobson2, Sat Apr 18 05:53:23 +0000 2020, -83.804475, 27.698682, @realDonaldTrump They could start for testing YOU for a soul, or a conscience, or for even half a dozen brain cells to rub together. #Asswad 
SaltyVic_, Sat Apr 18 05:53:23 +0000 2020, -117.580036, 33.979343, Carti should rename PAIN 1993 to PAIN 2020 
iam_erizhai, Sat Apr 18 05:53:23 +0000 2020, -75.117998, 40.004866, for sure . 
k_magreaux, Sat Apr 18 05:53:23 +0000 2020, -121.896165, 37.431473, walnut creek reppin' 
brianaalondra2, Sat Apr 18 05:53:23 +0000 2020, -106.417430, 31.793368, i got real happy seeing this ğŸ˜‚ğŸ’“ @daisymarquez_ https://t.co/SeDgSugfwP 
caramellilthang, Sat Apr 18 05:53:23 +0000 2020, -79.420865, 38.003376, @Xtina_dailies Youâ€™re welcome ğŸ˜‡ 
MarinaCountMeIn, Sat Apr 18 05:53:23 +0000 2020, -76.603957, 39.169585, friendsss https://t.co/9ofWxD98Rq 
EnriqueLoya00, Sat Apr 18 05:53:23 +0000 2020, -105.294083, 27.042635, Y, Â¿a quÃ© sabe el olvido?, Â¡quÃ© estÃºpida pregunta!A mÃ­ me sabe a ti y eso es lo que me asusta. Repito, tu sabes quien eres 
ashlii_love, Sat Apr 18 05:53:23 +0000 2020, -98.540651, 29.417501, I donâ€™t understand why other woman put other woman down especially when there is a child involved. 
_mejomanxie, Sat Apr 18 05:53:23 +0000 2020, -71.683502, 42.036939, It be your own homies sometimes ğŸ¤¡ ass Niggas 
Dramyblakeney, Sat Apr 18 05:53:23 +0000 2020, -100.076888, 31.168893, @AnnieGabstonH Probably not. They will just blame Pelosi and all Dems. They are forever tragically misunderstood anâ€¦ https://t.co/T3nm8UwQ3M 
Steve_in_B_A, Sat Apr 18 05:53:23 +0000 2020, -98.716992, 35.309047, @Feisty_Ginger_6 @29sweetassugar We love sharing,, https://t.co/BxRXhGWMuu 
LukeTheSkyWalkr, Sat Apr 18 05:53:23 +0000 2020, -84.260672, 33.752887, https://t.co/5XJsGLfTwI 
Shieldzy1964, Sat Apr 18 05:53:24 +0000 2020, -75.117998, 40.004866, @sullydish just watched your segment on @RealTimers . For one guy who enjoys a good bear hug, hereâ€™s one for you my friend. âœŒï¸ 
_kaaaitlynx3, Sat Apr 18 05:53:24 +0000 2020, -158.026454, 21.335869, I miss my family down here(especially my dad &amp; sissy), I miss my mom in Vegas, I miss my family in Cali, I miss myâ€¦ https://t.co/iSq0qQ8dxj 
kungfunelly, Sat Apr 18 05:53:24 +0000 2020, -74.965032, 39.880038, @helaynuhh I love you 
SeriousBismuth, Sat Apr 18 05:53:24 +0000 2020, -75.679541, 39.787320, I misclick on Twitter 100x more than I do on an other app it's starting to be a real problem. 
Josenav22082773, Sat Apr 18 05:53:24 +0000 2020, -121.469664, 38.561722, @ufc @USMAN84kg A back flip 
kalenthastalli, Sat Apr 18 05:53:24 +0000 2020, -87.732013, 41.833585, ğŸ¥ºğŸ’• 
maxxbratt, Sat Apr 18 05:53:24 +0000 2020, -73.831187, 40.670879, @AaliyahLegion Let me know. 
Delgadocxx_1928, Sat Apr 18 05:53:24 +0000 2020, -100.076888, 31.168893, Lux, xoxo https://t.co/uaj1NcdyuQ 
dunkin_nonuts, Sat Apr 18 05:53:24 +0000 2020, -119.306608, 37.269176, Jimmy and Jerry should be switched ğŸ’…ğŸ’…ğŸ’… 
brentfuchs, Sat Apr 18 05:53:24 +0000 2020, -97.455741, 35.695222, @jakefisher I doubt my chances against Michael Bloomberg. 
gloriac79528089, Sat Apr 18 05:53:24 +0000 2020, -79.943748, 43.523123, Mi Ã¡ngel con cuerpo fÃ­sico de 4 patitas que ha tenido  una misiÃ³n muy especial en nuestras vidas. Amor, ternura y câ€¦ https://t.co/o1lBoBiLud 
BTSxFlorida, Sat Apr 18 05:53:25 +0000 2020, -83.804475, 27.698682, BTS members and â€œMAKE SOME NOISE!â€ - name a more dynamic duo.#BANGBANGCON #BTS_concert_at_home @BTS_twt 
TrentOwenDrums, Sat Apr 18 05:53:25 +0000 2020, -118.503259, 34.415631, Did some clapping with @WillSasso in my â€œBabiesâ€ shirt. @chrisdelia https://t.co/rg3A7K3LsO 
mikeyxox_, Sat Apr 18 05:53:25 +0000 2020, -97.935323, 35.844064, @aliciareed13_ Who you gonna listen too them or Tina Snow? 
frankportillo01, Sat Apr 18 05:53:25 +0000 2020, -118.411907, 34.020789, @Daphnnel1 Creo que despuÃ©s de todo lo que estamos pasando, habrÃ¡n muchos que se despertaran y comenzaran a incluirâ€¦ https://t.co/CIkpfGWsXX 
MarieSiobsbhndy, Sat Apr 18 05:53:25 +0000 2020, -72.817995, 41.383494, @yesnicksearcy @JoeBiden Na I shared them with your dad. ğŸ–•ğŸ»Nothing little about this girl. I served my nationâ€™s mâ€¦ https://t.co/zTf94hi7RQ 
Almighty_Davion, Sat Apr 18 05:53:25 +0000 2020, -96.478810, 31.682845, hmu 
BayzWeysi, Sat Apr 18 05:53:25 +0000 2020, -96.542605, 33.018461, Sad :( 
Derick74345600, Sat Apr 18 05:53:25 +0000 2020, -108.574616, 39.091751, @realDonaldTrump It's in my CSL PLASMA. 
AndrewJMcManus, Sat Apr 18 05:53:25 +0000 2020, -118.411907, 34.020789, This is your governor @GovRonDeSantis #Florida ğŸ˜·ğŸ˜‚ 
nicefaceilikeit, Sat Apr 18 05:53:26 +0000 2020, -73.831187, 40.670879, Iâ€™m craving Chinese food so much I made fried rice at almost 2 AM lmaooooo get me outta here !!! 
yungtweaka, Sat Apr 18 05:53:26 +0000 2020, -118.156711, 33.809172, @emelycsl W 
ScGloria12, Sat Apr 18 05:53:26 +0000 2020, -110.676221, 28.008597, No puede ser que hermoso jajajaja 
samoravandross, Sat Apr 18 05:53:26 +0000 2020, -84.532133, 33.948124, hbd bae ğŸ™ˆ @THESLUMPGOD 
EsaMalvaroz, Sat Apr 18 05:53:26 +0000 2020, -100.168717, 25.778679, Pueden pasar aÃ±os pero aun me emociÃ³n cuando B Rabbit deja callado a PapÃ¡ Doc #8Mile 
SimplyStassi_, Sat Apr 18 05:53:26 +0000 2020, -83.173867, 32.678207, The audio got me crying @PorchaLive https://t.co/QzjPdfxKqt 
ASTABusiness, Sat Apr 18 05:53:26 +0000 2020, -81.402347, 28.299371, Welcome to our new Team Mate!! Client Acquistions Manager in #greenville for #DigitalMarketing in ASTA.Big welcomeâ€¦ https://t.co/twkvCpZ0Y0 
KiloCharlieTO, Sat Apr 18 05:53:26 +0000 2020, -79.272570, 43.629311, @acnhdaydream Cool! Let me know what DIYs you have to trade? ğŸ™‚ 
KeerTwe, Sat Apr 18 05:53:26 +0000 2020, -118.411907, 34.020789, @luong_roger Now that's how Animals Should Be Treated. With LOVE, KINDNESS, AFFECTION And COMPASSION.Who Knows, Maâ€¦ https://t.co/UHCIod09IR 
wesschertz, Sat Apr 18 05:53:26 +0000 2020, -118.411907, 34.020789, @kschertz 
dj313___, Sat Apr 18 05:53:26 +0000 2020, -79.857363, 36.090397, @DavePostsTweets What? 
ahaApache, Sat Apr 18 05:53:26 +0000 2020, -77.604684, 41.117936, @oBriua @yFaux_ @Sparks_MFR @DinnoGB Cod2 kar98 fucking cross map or carentan 
skywrId, Sat Apr 18 05:53:26 +0000 2020, -118.328710, 33.991379, iâ€™m gonna cry 
CLRaj28, Sat Apr 18 05:53:27 +0000 2020, -103.508777, 31.415203, @Hawaiianboyyyy @AJimenez_AJ @DarreckEncinia @JoeMainJoee @Oscaarxog Itâ€™s a 229/242 cam w 115 LSA. I couldnâ€™t bumpâ€¦ https://t.co/2bAhfmHbb9 
lovemayaxoxo, Sat Apr 18 05:53:27 +0000 2020, -119.319526, 36.319486, lowkey.. that pink one kinda cute 
LisaLStewart2, Sat Apr 18 05:53:27 +0000 2020, -96.761753, 32.819858, I'm a Survivor and I HV Awesome friend's N higher than Garth Places. @KidRock hd Fam, https://t.co/Iqt2m0Dq5S 
haleyynsmithh, Sat Apr 18 05:53:27 +0000 2020, -117.397616, 33.935822, Wish I had someone to talk to ğŸ¤§ 
serg4hunnid, Sat Apr 18 05:53:27 +0000 2020, -118.159729, 34.035297, I just cashed out on 8 shoes . And the flip Iâ€™m so is gunna be insane ğŸ¤‘ I spent 1500 but the profit gon be crazy watch 
Cool_Beanso20, Sat Apr 18 05:53:27 +0000 2020, -117.603783, 34.045158, ğŸ¤¤ https://t.co/137FG2ZKU0 
Ashleylynn018, Sat Apr 18 05:53:27 +0000 2020, -119.829184, 39.612133, I hope my twitter crush has a great night and only him 
tormentodehielo, Sat Apr 18 05:53:27 +0000 2020, -100.293591, 25.641718, Y PorquÃ© no poner al Cuidado de las Personas infectadas con #COVIDãƒ¼19mx que estÃ¡n en sus Hogares en cuarentena a Tâ€¦ https://t.co/xS8kvz1xGr 
LexxClarkk, Sat Apr 18 05:53:27 +0000 2020, -111.634531, 33.242370, i need a hug bro iâ€™m going to d*e 
AmyJaco55008777, Sat Apr 18 05:53:27 +0000 2020, -78.357828, 44.481491, @MichelleRempel 
nmg0472, Sat Apr 18 05:53:27 +0000 2020, -104.787092, 41.135283, ç¿˜è‡€   è°æœ‰ç¿˜è‡€  æ‹¿å‡ºæ¥æ¬£èµä¸€ä¸‹ https://t.co/BQbkRrlJX0 
Giotha_Jetseta, Sat Apr 18 05:53:28 +0000 2020, -105.004146, 39.823183, @ajrivera__ Lies ğŸ¤£ğŸ¤£ğŸ¤£ 
KinfolkDRay, Sat Apr 18 05:53:28 +0000 2020, -97.285913, 32.779967, Vote today! https://t.co/xFKfUb921o 
SeahawksForever, Sat Apr 18 05:53:28 +0000 2020, -122.194398, 47.481598, This shouldnâ€™t even be close. Ace 2 was putrid. An embarrassment. Almost.... and I say almost.... on par with Caddyâ€¦ https://t.co/3Pk70UjaI2 
GeeRayAllDay_1, Sat Apr 18 05:53:28 +0000 2020, -106.417430, 31.793368, Your lovely neighborhood strippers couldnt wait a couple more weeks to work, here they are having "client partys".â€¦ https://t.co/LKXzsxy5JF 
Kingbeentrill, Sat Apr 18 05:53:28 +0000 2020, -122.630908, 45.536402, Donâ€™t be someoneâ€™s â€œsometimesâ€... 
cocomanolo_, Sat Apr 18 05:53:28 +0000 2020, -95.446486, 29.838495, The way Frank expressed his sick lil love with Bonnie to Xavier. ğŸ˜©ğŸ¥°ğŸ˜ lmao. #HTGAWM 
TajDarielle, Sat Apr 18 05:53:28 +0000 2020, -80.122619, 26.721896, None 
brandonpkidd, Sat Apr 18 05:53:28 +0000 2020, -112.035251, 40.507872, @jckgmb @TomiLahren Iâ€™m fine thanks! I just like to point out sheep that havenâ€™t a clue. You can go back to sleep now little sheep. 
_bbode, Sat Apr 18 05:53:28 +0000 2020, -90.011008, 29.982601, @AlexStampley Right broğŸ˜‚ i need to find me a steal 
alex_ayala4, Sat Apr 18 05:53:28 +0000 2020, -98.189648, 26.167904, @fabianram_15 All drunk rn youâ€™re in my loving roomğŸ˜‚ 
weeternaI, Sat Apr 18 05:53:28 +0000 2020, -80.233328, 25.782353, ami bomb looking prettyğŸ’œ#BANGBANGCON @BTS_twt https://t.co/L5mDwfw3Ve 
Javi, Sat Apr 18 05:53:28 +0000 2020, -122.304753, 37.890146, @_rogerogden @taquitos So I got macOS Catalina to run with VMware on Windows 10, and performance running swift codeâ€¦ https://t.co/1WgqD6GCm1 
elygoat_, Sat Apr 18 05:53:28 +0000 2020, -121.300425, 37.980826, Some Quarentine things. https://t.co/RVSmJgkJNh 
qneekss, Sat Apr 18 05:53:29 +0000 2020, -97.455741, 35.695222, gonna start streaming Runescape at 4K 3,000FPS 
nbanyai, Sat Apr 18 05:53:29 +0000 2020, -93.604359, 45.451948, If you could have any souvenir from a concert what would it be?For me @EarlDibblesJr tank and @Tripp_Howell from @LancoMusic drum stick. 
handmadevirgo, Sat Apr 18 05:53:29 +0000 2020, -82.669467, 40.365160, dorothy mantooth is a SAINT 
panthersquad, Sat Apr 18 05:53:29 +0000 2020, -95.369400, 29.760200, Just posted a photo @ Houston, Texas https://t.co/cPqmTwC8Ln 
D1__Dre, Sat Apr 18 05:53:29 +0000 2020, -80.207263, 25.944446, https://t.co/gB9DNdNwk0 
babyfacetat, Sat Apr 18 05:53:29 +0000 2020, -87.732013, 41.833585, @alesiavsworld Same and itâ€™s so hard starting over because of that lol. Itâ€™s frustrating so youâ€™d kinda rather be alone. 
ScoutTVEriskyne, Sat Apr 18 05:53:29 +0000 2020, -73.831187, 40.670879, why was i having a meltdown, you may ask? easy. autism. 
Meryteee, Sat Apr 18 05:53:29 +0000 2020, -95.446486, 29.838495, ASDFGJKL LMFAOOOOOO 
yaagirlmo, Sat Apr 18 05:53:29 +0000 2020, -100.076888, 31.168893, https://t.co/em8SXcruJG 
handsoffmom, Sat Apr 18 05:53:29 +0000 2020, -113.490611, 37.123716, @peterjhasson SÃ­ 
ShawnSaid_, Sat Apr 18 05:53:29 +0000 2020, -75.117998, 40.004866, @theatergrl4life https://t.co/SKhqu9YMiJ 
camgoinham, Sat Apr 18 05:53:29 +0000 2020, -92.061177, 30.206079, @Jasssminee_ Girllll wtf else you gonna do in the house bored????? 
waldoaldo97, Sat Apr 18 05:53:29 +0000 2020, -112.124676, 33.552863, Big 'National Enquirer' vibes lol 
da1don, Sat Apr 18 05:53:30 +0000 2020, -95.446486, 29.838495, @Coko_DON Oop 
Sabre_ina, Sat Apr 18 05:53:30 +0000 2020, -119.025163, 35.346902, I reallyyyyy want a margarita ğŸ¥´ğŸ¥´ 
StalkingKyle, Sat Apr 18 05:53:30 +0000 2020, -86.791549, 36.200008, @BillyJustus ğŸ˜¬ fair enough...sorry. But itâ€™s the joy of sound man! Let it uplift you 
richdana44, Sat Apr 18 05:53:30 +0000 2020, -117.022695, 38.502147, Sorry - mixing food and ultimate twitter tonight 
damniteli, Sat Apr 18 05:53:30 +0000 2020, -100.453089, 31.440523, @YarrishShannon @gawill23 You canâ€™t be putting my info out here on the interwebs like that ğŸ™ƒ 
cxssxndra, Sat Apr 18 05:53:30 +0000 2020, -121.873730, 37.331159, @_lunacakes no she had bad brows 
luisac25, Sat Apr 18 05:53:30 +0000 2020, -107.342056, 24.662488, @yolamoraila @Marielaip Confirmo x2 
BABYLONALLISON, Sat Apr 18 05:53:30 +0000 2020, -92.436774, 38.304558, Hola chicos soy Michael 
pooyan1920, Sat Apr 18 05:53:30 +0000 2020, -96.761753, 32.819858, @lorsteibel @SquareEnix @VirtuaCam_ @WeArePSLovers @PS4shareGIF @Urban_Tentacles @gametographers Thanks, will do ;) 
ss_santillan, Sat Apr 18 05:53:30 +0000 2020, -97.935192, 29.895606, Oh shit itâ€™s Saturday. 
EmbraceMeHere, Sat Apr 18 05:53:30 +0000 2020, -83.173867, 32.678207, @lithplaura LMAOOOOOOOOOOOOO 
izzymunoz7, Sat Apr 18 05:53:30 +0000 2020, -95.446486, 29.838495, Freshly shaved = confidence boost 
MrMikeJacksonI1, Sat Apr 18 05:53:30 +0000 2020, -81.705467, 41.495940, Not, Trump.#StayHome #Covid_19 
_BWA, Sat Apr 18 05:53:30 +0000 2020, -71.421832, 41.817084, @valerieeaa__ @Itsnestookehh__ How? Next live im tagging brenda 
TissueGod, Sat Apr 18 05:53:30 +0000 2020, -84.200366, 39.780358, @ProTayToeGamer2 My response https://t.co/ayHdMlEHNv 
Butter_Babs, Sat Apr 18 05:53:31 +0000 2020, -118.408990, 34.006012, Don't ever sell yourself short, for acceptance Accept the new, don't mangle on the pastBelieve yourself, trust yoâ€¦ https://t.co/R1wT94ryKc 
ClickClackATX, Sat Apr 18 05:53:31 +0000 2020, -97.754724, 30.323346, Lets be honest. You gotta give Tee first day out but Sada Baby goes way harder on average 
kvkaylla, Sat Apr 18 05:53:31 +0000 2020, -96.856440, 32.543143, this definitely a mood ğŸ˜­ğŸ˜­ 
hunniemimaw, Sat Apr 18 05:53:31 +0000 2020, -117.998733, 33.692542, @chrissyteigen Whatâ€™s really more amazing than that â€œlieâ€ would be the fact that you have a MINI John for real!! Thâ€¦ https://t.co/TfZBoBCplr 
HBballnews, Sat Apr 18 05:53:31 +0000 2020, -86.109951, 42.765600, 2020 HOPEYs Nominees: Female Athlete of the Year https://t.co/Sno4ur2qNa 
13edolla, Sat Apr 18 05:53:31 +0000 2020, -121.581229, 37.004844, @DebatingHipHop_ King shit https://t.co/wRnjTtfvRE 
RobertWelchMBA, Sat Apr 18 05:53:31 +0000 2020, -72.006132, 44.430195, Peak of the week is when Peter Mansbridge reads my email on his podcast... crap! 
unorthodox_wf, Sat Apr 18 05:53:32 +0000 2020, -90.158017, 32.230987, @AllyiahsFace I think d pregnancy test was positive... 
TJENightlife, Sat Apr 18 05:53:32 +0000 2020, -73.948775, 40.655138, @lilycollinsx3 Lilly baby u donâ€™t even drive. ğŸ˜­ stay away from@the gas stations 
slayjayyy, Sat Apr 18 05:53:32 +0000 2020, -72.276755, 43.708830, I'm DONE. When Lucrecia said "I have feelings bitch"....I ~ felt ~ thatttttt 
LunaCadenza, Sat Apr 18 05:53:32 +0000 2020, -68.984705, 45.188407, @cuItgi @FrankiSeoul Or their one song that I love a lot "I like it" is actually more of a breakup song ğŸ˜­ 
EliphasWilliam, Sat Apr 18 05:53:32 +0000 2020, -76.148999, 39.497703, @maurinetheuri Hmmm , then? 
Tosian_o, Sat Apr 18 05:53:32 +0000 2020, -86.270540, 45.001180, You people are rude on this app ğŸ˜‚ 
VivaLaSTACiA, Sat Apr 18 05:53:32 +0000 2020, -86.142922, 39.779562, This mf @Quick_317 swears he was Going to stay up and he sleep. Youâ€™re fired ğŸ™„ 
MySwaggReal1, Sat Apr 18 05:53:32 +0000 2020, -73.948775, 40.655138, ğŸ˜­ğŸ˜­ğŸ˜­ğŸ˜­ğŸ˜­ 
vicsalminen, Sat Apr 18 05:53:32 +0000 2020, -117.104989, 32.810012, every other girlsâ€™ man: hypes them up, shows them off, takes cute pics/vids of them.my man: puts a vid of me on hiâ€¦ https://t.co/eym3pIJ2zj 
disneywjoseph, Sat Apr 18 05:53:33 +0000 2020, -118.325145, 34.182160, @_gabi1913 thank u â¤ï¸ 
_NoeGamez, Sat Apr 18 05:53:33 +0000 2020, -109.103726, 25.921947, @cindysacr Quieres los videos? 
Belladelfia, Sat Apr 18 05:53:33 +0000 2020, -73.948775, 40.655138, Why did I check Facebook memories ğŸ˜©ğŸ˜­ğŸ˜­ğŸ˜­ https://t.co/YZs9cCMsBN 
theo042296, Sat Apr 18 05:53:34 +0000 2020, -80.926628, 33.631140, If you donâ€™t have time to watch it all (which I strongly recommend you do) then just go to about the 7:10 mark. 
PTAli1, Sat Apr 18 05:53:34 +0000 2020, -122.194398, 47.481598, @gawendaseminars Seriously Rick, you need to watch this episode of almost live, when area codes were added in Seattâ€¦ https://t.co/pEZ7v3BqVp 
katzellbonnie, Sat Apr 18 05:53:34 +0000 2020, -105.063942, 40.564190, @ericnamofficial love listening to your songs while driving to and from work, still trying to figure out everythingâ€¦ https://t.co/MntdpWeZLA 
MaxWimmer_21, Sat Apr 18 05:53:34 +0000 2020, -111.917026, 40.765805, miss this place fav to go when quarantine is over 
SallyMoen2, Sat Apr 18 05:53:34 +0000 2020, -122.231788, 47.959950, @70s_party You can still get this from a UK teapot maker 
uhh_layy, Sat Apr 18 05:53:34 +0000 2020, -81.800579, 32.440511, i know i be going through shit when the smallest inconvenience happens and makes me tear up cause bitch why you cryâ€¦ https://t.co/FkuyhAEivW 
ThatGirlTeara, Sat Apr 18 05:53:34 +0000 2020, -93.809434, 32.461107, @Justme_DJ3 ğŸ˜‚ I mean yeah but thatâ€™s not abnormal 
mirandastyles55, Sat Apr 18 05:53:34 +0000 2020, -82.929418, 42.376424, Ok plot foiled ğŸ˜¬  that was tense 
mvsooon, Sat Apr 18 05:53:34 +0000 2020, -85.851722, 33.714237, @Rannman_KK i have no idea how u got pregnant bro i donâ€™t even wanna know 
amarse, Sat Apr 18 05:53:34 +0000 2020, -71.088712, 42.313670, day 33 of quarantine ...15 trulys deep ...2am ...new @jeremyzucker album ...WHAT COULD GO WRONG 
4thysoul, Sat Apr 18 05:53:34 +0000 2020, -120.629217, 35.076532, Iâ€™m ready for more ğŸ™ğŸ¼ğŸ¥°ğŸ˜ https://t.co/0sYSYcDIXa 
fadedlexrated, Sat Apr 18 05:53:35 +0000 2020, -97.432425, 27.737151, i miss rumple 
Fckendrick, Sat Apr 18 05:53:35 +0000 2020, -119.827182, 39.512436, @emilyyoshida RIP @grantland33 
HaileyRut, Sat Apr 18 05:53:35 +0000 2020, -92.436774, 38.304558, I will now be greeting everyone I meet with a double clap. Iâ€™m sure thatâ€™ll go super well. 
RisingPathMusic, Sat Apr 18 05:53:35 +0000 2020, -93.361321, 46.441861, @UncleT612 @MarietteMusic @Ackronem So proud of you! This is HUGE https://t.co/JDCaEzxSvp 
josequi35573190, Sat Apr 18 05:53:35 +0000 2020, -97.754724, 30.323346, @BurgosSV Jajajajja. Diputado mÃ¡s pemmmmmmdjo 
lauroholla, Sat Apr 18 05:53:35 +0000 2020, -73.134847, 40.740156, 16Â°- at 16 years old I finally stated to recognize my sexuality and had my first gf and started coming out to frienâ€¦ https://t.co/7MgRvOkQSn 
presidentkylaah, Sat Apr 18 05:53:35 +0000 2020, -106.417430, 31.793368, @cruz_neisha the walmart on zaragoza 
201meco, Sat Apr 18 05:53:35 +0000 2020, -74.111971, 40.792200, would do anything to go to bed bath and beyond rn 
JACKIEBEAT, Sat Apr 18 05:53:35 +0000 2020, -118.136193, 34.193809, Canâ€™t some of those MEN WHO STARE AT GOATS please just concentrate really hard and stop his McDonalds-enlarged heart? #NationalHero 
Melanierram, Sat Apr 18 05:53:35 +0000 2020, -78.657837, 35.843981, No one can tell me shit anymore I know my power 
alexseyreyes, Sat Apr 18 05:53:35 +0000 2020, -95.207771, 29.672102, @joesouth89 https://t.co/12TwGp3OjV 
phil_heal, Sat Apr 18 05:53:35 +0000 2020, -87.732013, 41.833585, Probably same sex secondary school, it was just vibes 
LivKristen, Sat Apr 18 05:53:35 +0000 2020, -73.849441, 40.850347, @SheistyNYC Got youuu! Iâ€™m making money to buy my Luka boy more gifts lmaoo 
shougaal76, Sat Apr 18 05:53:36 +0000 2020, -77.493170, 37.529883, I need to stop thinking about food all the timeğŸ˜Š 
KiloCharlieTO, Sat Apr 18 05:53:36 +0000 2020, -79.272570, 43.629311, @acnhbooty Cool! Let me know what DIYs you have to trade? ğŸ™‚ 
NPDANN, Sat Apr 18 05:53:36 +0000 2020, -86.739750, 33.481181, Great opportunity! 
marybontog, Sat Apr 18 05:53:36 +0000 2020, -157.917817, 21.374833, I have to room to myself tonight idk if Iâ€™m happy or sad lol 
Jasminmeraz12, Sat Apr 18 05:53:36 +0000 2020, -96.761753, 32.819858, @ELIZABETHCOWIE You got this momma! 
allie_englert, Sat Apr 18 05:53:36 +0000 2020, -87.102400, 37.765135, @TochiTrueStory @angiecthomas So much talent in one image! 
EmmanuelVanii, Sat Apr 18 05:53:36 +0000 2020, -106.568008, 31.452274, @PepeYTeo  @Ricardo_Peralta  @CesarTeo DÃ­ganme que estÃ¡n siguiendo todo el show de estos seÃ±ores delâ€¦ https://t.co/dXGFyyY1y1 
SWueschner, Sat Apr 18 05:53:36 +0000 2020, -86.457744, 32.468104, @summerstormsum havenâ€™t seen you around.  Miss you 
cyerranikole, Sat Apr 18 05:53:36 +0000 2020, -100.076888, 31.168893, Cam is snoring and taking the whole bed up 
CreoleBabyBritt, Sat Apr 18 05:53:36 +0000 2020, -76.362276, 37.050897, @BarkyBoogz Where did you get that name from 
marizZza_, Sat Apr 18 05:53:37 +0000 2020, -100.076888, 31.168893, @Zillalicious https://t.co/P1MP4XOs9P 
AmyJaco55008777, Sat Apr 18 05:53:37 +0000 2020, -78.357828, 44.481491, @BrockWHarrison 
MikeDrewWhat, Sat Apr 18 05:53:37 +0000 2020, -93.105649, 44.941516, @dilanesper Hear you.Bottom line, I think this is one of the more uncertain selections weâ€™ve seen recently, albeiâ€¦ https://t.co/H2LqWEXIPQ 
stinapag, Sat Apr 18 05:53:37 +0000 2020, -95.446486, 29.838495, @wendydheard Though I guess the Rooskis are still a thing. 
guyton_travis, Sat Apr 18 05:53:37 +0000 2020, -97.582341, 30.244165, @BillB90 @TheHoopCentral Youtube exists, heâ€™s still not better than Ray or Klay 
MtnSports37, Sat Apr 18 05:53:37 +0000 2020, -79.420865, 38.003376, Congratulations! 
EverydayDaBrand, Sat Apr 18 05:53:37 +0000 2020, -73.950000, 40.650000, Just posted a photo @ Brooklyn, New York https://t.co/ay8epdmjx2 
rachel_morgan97, Sat Apr 18 05:53:37 +0000 2020, -68.984705, 45.188407, Pt. 2 https://t.co/DrvcsZus0t 
LuCkY_ChArM98, Sat Apr 18 05:53:37 +0000 2020, -111.997441, 40.678703, @chelsea_c7 Just changed into shorts and a tank itâ€™s about to get hot in hereğŸ˜ˆ 
deysi7311, Sat Apr 18 05:53:37 +0000 2020, -120.128901, 35.990279, Made some shrimp boil for the first time today and let me just say it came out bomb affff ğŸ¤ª 
gossiperrrr, Sat Apr 18 05:53:38 +0000 2020, -117.397616, 33.935822, â€œMy throat hurts but I canâ€™t tell is itâ€™s the rona or if itâ€™s from sucking too much ...â€ -guess that friendğŸ˜³ğŸ¥´ 
DomTheMVP, Sat Apr 18 05:53:38 +0000 2020, -95.446486, 29.838495, WhooP. 
Jason_Wacker, Sat Apr 18 05:53:38 +0000 2020, -93.389864, 41.938228, @BetoORourke ğŸ¤£ğŸ¤£ğŸ¤£ğŸ¤£ ğŸ¤¡ ğŸ¤¡ 
quis__custodiet, Sat Apr 18 05:53:38 +0000 2020, -118.172590, 33.949810, 0553ZN957LA COUNTY OF LOS ANGELESSquawk: 1206N33.9498 W118.1726Altitude: 800ftCourse: 155ÂºGroundspeed: 111kts https://t.co/jAsXbkniIS 
my_thousand, Sat Apr 18 05:53:38 +0000 2020, -111.880874, 33.282450, @smc429 @realDonaldTrump He realizes NOTHING. 
_kassyquezada, Sat Apr 18 05:53:38 +0000 2020, -119.782465, 36.786042, @kdelgadillo501 
dom718_, Sat Apr 18 05:53:38 +0000 2020, -73.849441, 40.850347, nah fr this one fucked me up.. 
test5geo1798, Sat Apr 18 05:53:39 +0000 2020, -122.398720, 37.781157, TEST_LAT/LON: 3bf3c02b-582e-43c3-89f8-4b1c740da82f 
KnuckleClown, Sat Apr 18 05:53:39 +0000 2020, -93.361321, 46.441861, @Romaker Lethal weapon frog sounds like something @SklogBMT would know about! 
MarcoPadilla10, Sat Apr 18 05:53:39 +0000 2020, -97.477426, 25.972106, Me rn https://t.co/TUsrErPaAU 
ricky_bright, Sat Apr 18 05:53:39 +0000 2020, -96.832009, 32.959788, @knittedsweater @hotdogsladies Plz 
TajDarielle, Sat Apr 18 05:53:39 +0000 2020, -80.122619, 26.721896, None 
LosNivel, Sat Apr 18 05:53:39 +0000 2020, -97.285913, 32.779967, Psicodelica by junior h ğŸ’ªğŸ¼ğŸ”¥ #LDSN https://t.co/ww4Hi4sKC3 
crazyy_lann, Sat Apr 18 05:53:39 +0000 2020, -96.423117, 33.938773, Why did â€œcuntâ€ come to mind??????  I donâ€™t even use that word ğŸ˜‚ğŸ˜‚ğŸ¤¦ğŸ½â€â™€ï¸ 
Drisjany, Sat Apr 18 05:53:39 +0000 2020, -79.943748, 43.523123, @SistaSparkles @_Abenyy Ø¥Ù† Ø´Ø§Ø¡ Ø§Ù„Ù„Ù‡. A ku imura awe. Olohun a dâ€™emi wa si juâ€™gba yen lo. Ameen. 
Cee_choice, Sat Apr 18 05:53:39 +0000 2020, -122.877527, 45.552215, A pediatrician told me I should be washing my hands like I gave a homeless man a hand job to completion and then haâ€¦ https://t.co/mp6Bh432hv 
judy_armes, Sat Apr 18 05:53:39 +0000 2020, -86.791549, 36.200008, Pet of the weekğŸ“ºğŸ©ğŸ€ğŸ•â˜˜ğŸ¡ğŸhttps://t.co/lJtcubxud1 
nanetteguild, Sat Apr 18 05:53:39 +0000 2020, -115.025000, 36.029200, âœ¨Do You  Need Your Redken Products Shipped To Your Home? ğŸ“¦ğŸ ğŸ‘‰ğŸ»Click On The Link Tree URL In Our Bio, Directing Youâ€¦ https://t.co/KZHf6Buqul 
ctrlaltalec, Sat Apr 18 05:53:40 +0000 2020, -96.761753, 32.819858, @nintendheux https://t.co/OBHxKJPMWK 
BROcastPodcast, Sat Apr 18 05:53:40 +0000 2020, -75.117998, 40.004866, Look for an all new FALSE FINISH tomorrow. Check out the brand new FALSE FINISH t-shirt! @BodySlamDotNetâ€¦ https://t.co/bpP3KKY553 
cunningham_man8, Sat Apr 18 05:53:40 +0000 2020, -111.547029, 39.499762, Okay just because Iâ€™m fragile rn @ColleenB123 doesnâ€™t mean you have to call me out ğŸ¥ºğŸ˜­ğŸ’— that Miranda video was amaziâ€¦ https://t.co/P7GLJSIkNu 
TariqWavey, Sat Apr 18 05:53:40 +0000 2020, -78.895441, 35.990983, I will always EARN my spot 
stephiepkm, Sat Apr 18 05:53:40 +0000 2020, -83.574671, 41.656590, @TheEllenShow R U kidding me? https://t.co/FcFlip73au 
fbglola, Sat Apr 18 05:53:40 +0000 2020, -110.915573, 32.189391, https://t.co/hf01OA8LzR 
Kiddbillinger, Sat Apr 18 05:53:40 +0000 2020, -84.644926, 33.779824, @MyPinkSelf Bet yeah now it seems less serious. I thought I was in trouble 
kirkobainz, Sat Apr 18 05:53:40 +0000 2020, -98.713084, 29.550182, @alexisclairefit Omg!! Happy birthday angel!!! Wish we were celebrating ily ğŸ’•ğŸ¥º 
LBT_Animosity, Sat Apr 18 05:53:40 +0000 2020, -75.459565, 43.210005, @crimedog69_100 @EinIndy @robbystarbuck @realDonaldTrump Who the fuck is defending China?  For right now, Fuck Chinâ€¦ https://t.co/do0Vse9Xfu 
_cesarrrrv, Sat Apr 18 05:53:40 +0000 2020, -119.710694, 39.574217, Iâ€™ll keep on praying 
D1__Dre, Sat Apr 18 05:53:40 +0000 2020, -80.207263, 25.944446, Lil dredğŸ˜‚ğŸ˜‚ğŸ˜‚ğŸ˜‚ https://t.co/XkC24unEaN 
Mikahthegreat_, Sat Apr 18 05:53:40 +0000 2020, -90.178629, 30.001244, Look of you find one, out me on her brother! 
bonni3Luxx, Sat Apr 18 05:53:41 +0000 2020, -118.304663, 33.945234, I know I should have become a mortician when I had the chance ğŸ˜¤ 
dom_erella, Sat Apr 18 05:53:41 +0000 2020, -77.230881, 38.916761, I really donâ€™t like those willet sisters. Im soo disappointed in how this turned out. #sequester 
fuckriqo, Sat Apr 18 05:53:41 +0000 2020, -117.462698, 34.108160, @GoodAtSmash @elroieswvnk well done detective 
jerrelynnp, Sat Apr 18 05:53:41 +0000 2020, -71.088712, 42.313670, @JongeeD_ and she still got hers. a queen. 
martianmarxistt, Sat Apr 18 05:53:41 +0000 2020, -95.446486, 29.838495, Oh my god being human is so ghetto!! Why l couldnâ€™t have been a tree?? 
JamelleBennett, Sat Apr 18 05:53:41 +0000 2020, -100.076888, 31.168893, @SubraverD Yo 
jordieee32, Sat Apr 18 05:53:41 +0000 2020, -90.600600, 38.757838, @bekstfu_ This would literally be the easiest thing in the world. I hate everyone right now. 
thatabbbygirl, Sat Apr 18 05:53:41 +0000 2020, -87.732013, 41.833585, @04_omartheomar But a cold bowl especially hits late at night ğŸ¤¤ 
taymichaelle, Sat Apr 18 05:53:41 +0000 2020, -84.917307, 32.482304, Ladies imagine what these niggas would be like without their playstations right now on top of no other entertainment. 
LMBERG44, Sat Apr 18 05:53:42 +0000 2020, -83.804475, 27.698682, No, not Oklahoma. Lived there for a short time. Barren land with really bad summer thunderstorms/tornados. Try Utahâ€¦ https://t.co/Yoo5sfRazb 
nate2xs, Sat Apr 18 05:53:42 +0000 2020, -73.024963, 40.783790, @96Dezzy I watch that channel all the time lol 
sads_in_plaids, Sat Apr 18 05:53:42 +0000 2020, -117.104989, 32.810012, Warzone is over for yâ€™all once I uhhhh get a PS5 
_iLadarius, Sat Apr 18 05:53:42 +0000 2020, -91.044925, 33.393600, Me after 2 drinks https://t.co/cjj647A1xX 
da1don, Sat Apr 18 05:53:42 +0000 2020, -95.446486, 29.838495, @ItsJustKent What game 
brandybroxton, Sat Apr 18 05:53:42 +0000 2020, -100.076888, 31.168893, Im 17. 
Sabletoothtigre, Sat Apr 18 05:53:42 +0000 2020, -73.948775, 40.655138, Ah the ol debate of should I do something about the fact that Iâ€™m hungry again or just go to bed rnğŸ¤” 
ZLudwin, Sat Apr 18 05:53:42 +0000 2020, -110.915573, 32.189391, How to build a new city:https://t.co/XGWchVNclp https://t.co/puXzpz8OHi 
FosterKnowsBest, Sat Apr 18 05:53:42 +0000 2020, -87.732013, 41.833585, 200 on live???? .......... 40 ball Saturday !!!!!!!!!!!!!!! https://t.co/IYXeQXaOIJ 
HLFrisbie, Sat Apr 18 05:53:42 +0000 2020, -105.128188, 39.820206, @pastordc3110 https://t.co/QNFNPsZTAn 
SleazyC_, Sat Apr 18 05:53:43 +0000 2020, -118.411907, 34.020789, This woman is literally the same person @PaulineHansonOz  from this fishing meme lmao https://t.co/pMRiksajri 
anelajade, Sat Apr 18 05:53:43 +0000 2020, -155.087125, 19.726992, new Hebrew shell pendant @ Anela's Jade https://t.co/k1vVHzw6wT 
Taraballs, Sat Apr 18 05:53:43 +0000 2020, -149.758794, 61.235042, So defeated. My heart hurts so fucking bad. 
rhuntington3, Sat Apr 18 05:53:43 +0000 2020, -96.961483, 32.863917, @SteelSeries Watching TV!  Played video games most of the day.  Ears needed a break from my headphones. 
JeffEsTake, Sat Apr 18 05:53:43 +0000 2020, -117.802135, 33.733784, But, in the end, the sea moves on... :))) 
juliosanchezor, Sat Apr 18 05:53:43 +0000 2020, -107.342056, 24.662488, ganÃ© mi primera partida de lol soy feliz 
sLut4Yoongii, Sat Apr 18 05:53:43 +0000 2020, -76.362276, 37.050897, I LOVE WHEN YOONGI DOES THAT 
sunnysideupsee, Sat Apr 18 05:53:43 +0000 2020, -73.831187, 40.670879, why no one told me how hard it is to make tiktoks. 
ThurayyaGomez, Sat Apr 18 05:53:43 +0000 2020, -122.406672, 37.797988, Umm weâ€™ll take, 4 beers, 2 donjuliotequila #margaritas &amp; 2 @jameson_us &amp; a water for meow so I donâ€™t die maÃ±ana!!â€¦ https://t.co/Jk5s99IXDE 
oliviaa_n0tw, Sat Apr 18 05:53:44 +0000 2020, -80.084212, 26.617028, ha haaaai would pay anything to fucking just disappear 
crystal_ball17, Sat Apr 18 05:53:44 +0000 2020, -118.156711, 33.809172, @OceanMud I got the same cards twice. ğŸ˜‚ 
_NoeGamez, Sat Apr 18 05:53:44 +0000 2020, -109.103726, 25.921947, @Avictoriaach Diablos 
Neilyn_29, Sat Apr 18 05:53:44 +0000 2020, -96.932840, 33.170366, Mierdaaaa verdad que si! 
carlythesweet, Sat Apr 18 05:53:44 +0000 2020, -84.433106, 33.767195, Applying myself to do full interior design projects is toughhhhh 
MrsBrowniscool, Sat Apr 18 05:53:44 +0000 2020, -111.897226, 40.654190, @isabelledbaker Iâ€™m fairly confident we donâ€™t need to move! The fault thatâ€™s giving us all this excitement is not tâ€¦ https://t.co/f7lvyHTSWp 
3turntphillip, Sat Apr 18 05:53:44 +0000 2020, -119.319526, 36.319486, I became a beardie dad todayğŸ§¡ any name suggestions?ğŸ˜… https://t.co/FOhnHvls4J 
UDreamOfJennyyy, Sat Apr 18 05:53:45 +0000 2020, -96.761753, 32.819858, aight i guess ill put some clothes on! 
RafaelJovovich, Sat Apr 18 05:53:45 +0000 2020, -118.325145, 34.182160, @Rawaaaad You gotta stream some PVP! 
bella__annabel, Sat Apr 18 05:53:45 +0000 2020, -118.156711, 33.809172, PENDEJO TOXICO!! 
rankonemike, Sat Apr 18 05:53:45 +0000 2020, -77.493170, 37.529883, @thatsoray https://t.co/4d8iuBwQnz 
Finessethaplug1, Sat Apr 18 05:53:45 +0000 2020, -77.014398, 38.898603, My baby @AsianDaBrattt going tf off on IG LIVE w/ @theestallion ğŸ˜ğŸ˜Œ OMG ğŸ˜± 
__airb, Sat Apr 18 05:53:45 +0000 2020, -77.014398, 38.898603, ğŸ˜‚they do be that madğŸ˜­ 
jadanashae_, Sat Apr 18 05:53:45 +0000 2020, -81.705467, 41.495940, I keep missing out. ğŸ˜­ğŸ™„ 
qnging, Sat Apr 18 05:53:45 +0000 2020, -68.984705, 45.188407, If you havenâ€™t watch the â€œGreenhouse Academyâ€ youâ€™re missing out 
kvltrojo, Sat Apr 18 05:53:45 +0000 2020, -81.516751, 41.080877, I miss having the option to piss in alleys behind bars...not that I ever would 
4thysoul, Sat Apr 18 05:53:46 +0000 2020, -120.629217, 35.076532, ğŸ’•ğŸ’•ğŸ¥°ğŸ¥°ğŸ‘©â€â¤ï¸â€ğŸ‘¨ğŸ‘©â€â¤ï¸â€ğŸ‘¨ğŸ‘©â€â¤ï¸â€ğŸ‘¨ https://t.co/Q9gQozVRVY 
racheldanson520, Sat Apr 18 05:53:46 +0000 2020, -90.786302, 38.779639, Nema is the shit disturbed this year #Shahs 
kamon_cash, Sat Apr 18 05:53:46 +0000 2020, -73.948775, 40.655138, 26. ğŸ‚ https://t.co/cPkI7amSbP 
anaamjimenez, Sat Apr 18 05:53:46 +0000 2020, -78.515337, 35.959024, already know that shit grew up to be ugly 
SebasFuenmayorc, Sat Apr 18 05:53:46 +0000 2020, -93.569570, 44.843849, TodavÃ­a me cuesta creer que Tainy producÃ­a TEMAZOS a los 16 aÃ±os.AhÃ­ si Luny se tiene que quitar el sombrero. 
herbotothenews, Sat Apr 18 05:53:46 +0000 2020, -119.306608, 37.269176, Gawd 
Vldeza, Sat Apr 18 05:53:46 +0000 2020, -100.270474, 25.736715, @Cassandragr12 JAJJAJAJAJAK 100% real no feik 
lefapgirl, Sat Apr 18 05:53:46 +0000 2020, -120.063829, 36.963741, @xvvier Itâ€™s a shame he has a tight little ass going to full blown waste 
soyalbertoh, Sat Apr 18 05:53:46 +0000 2020, -111.498181, 28.969863, @ElGonzalez28 @KOKKOZAMBRANO @gueronieves @Jorge_MoralesB @SaulBeal @demiandu @EnriqueRL @elbasiliogmas @Ru2s Que cree que somos iguales 
damienbelliveau, Sat Apr 18 05:53:46 +0000 2020, -118.411907, 34.020789, It is a testament to Danny Boyleâ€™s willingness to always experiment with cinematography &amp; editing that Yesterday maâ€¦ https://t.co/W0SSsBKZu3 
4thysoul, Sat Apr 18 05:53:47 +0000 2020, -121.287080, 38.693226, My neighbor is outside drunk singing country 
tiredaegu, Sat Apr 18 05:53:47 +0000 2020, -118.156711, 33.809172, Yoongi you are so FINE Iâ€™m SICK LF IT 
stabesss_34, Sat Apr 18 05:53:47 +0000 2020, -117.802135, 33.733784, Dang, Pussy Galore just died in real life 
Thalia_Nicole_M, Sat Apr 18 05:53:47 +0000 2020, -98.317683, 26.208802, We throwin it back nowğŸ¥µ ğŸ‘ 
elliestimmel, Sat Apr 18 05:53:47 +0000 2020, -93.389864, 41.938228, Compliments to the chef but itâ€™s Fiona Appleâ€™s new album 
Cal_Ed, Sat Apr 18 05:53:47 +0000 2020, -73.988003, 40.742204, Flowers Bloom*****f/1.8 || 1/3200s || ISO 50 || 50mm#sonya7ii #sonymirrorless #sonyalpha #alphacollectiveâ€¦ https://t.co/QuDXV8Itm8 
digbigger, Sat Apr 18 05:53:47 +0000 2020, -85.231089, 43.096626, rare kandy w/ my little qt bb https://t.co/nrBJDI0Nj9 
thatrussiangal7, Sat Apr 18 05:53:48 +0000 2020, -71.504117, 42.752970, Things that run through my head at 2 am - are mermaids real-if they are how do I be one 
Amel_Arii, Sat Apr 18 05:53:48 +0000 2020, -74.992990, 39.949884, â™‘ï¸ 
AbbyPfaff, Sat Apr 18 05:53:48 +0000 2020, -97.135638, 32.701850, this is actually kind funny to me because i have such a horrible relationship with my hair. #anxietyâ€¦ https://t.co/KUIVVaaK0B 
LuckyD___, Sat Apr 18 05:53:48 +0000 2020, -75.117998, 40.004866, Iâ€™m ready call this nigga phone and tell him I want to b his gf again and Iâ€™m sorry 
teddscofield, Sat Apr 18 05:53:48 +0000 2020, -94.634584, 38.986089, Seasons don't fear the reaper#BlueÃ–ysterCult #ThePhotoHour #TheStand @StephenKing https://t.co/FAuzSsIoHu 
itsmeejocey, Sat Apr 18 05:53:48 +0000 2020, -87.732013, 41.833585, @Gyselllll 
Marcosanchez90, Sat Apr 18 05:53:48 +0000 2020, -111.498181, 28.969863, Quiero skittles con chile de los que vende @AndresJohnso 
Joe07Alvarado, Sat Apr 18 05:53:49 +0000 2020, -117.915261, 34.138088, @KharloKong @justsaynotojoe Wow coming in with the wise talkNice ğŸ‘ğŸ½ 
MametShandy, Sat Apr 18 05:53:49 +0000 2020, -74.006400, 40.714200, Bye!!! @ New York, New York https://t.co/q0ODkH2Dym 
hannahviIIar, Sat Apr 18 05:53:49 +0000 2020, -82.017594, 41.496848, read that cats think humans are ginormous hairless cats (: (: (: 
irocdrummer, Sat Apr 18 05:53:49 +0000 2020, -75.090393, 39.865803, @HelenGymAtLarge @PhillyMayor Thats why Kenney is begging the bitch Nancy Pelosi and congress for 7 million for theâ€¦ https://t.co/Au1fmUEjrF 
Zsoka127, Sat Apr 18 05:53:49 +0000 2020, -82.669467, 40.365160, @PalmerReport Is he going to prison yet ? 
steviee_raee, Sat Apr 18 05:53:49 +0000 2020, -102.104627, 31.994300, @ZAIMONAE your mom gave it to me bc you kept running your damn mouth 
